city,hotel_name,beds,daily_price,occupied
Albany,The Morgan State House,3,374.6,0
Albany,The Morgan State House,2,344.6,0
Albany,The Morgan State House,3,374.6,0
Albany,The Morgan State House,2,344.6,0
Albany,The Morgan State House,3,374.6,0
Albany,The Morgan State House,2,344.6,0
Albany,The Morgan State House,4,404.6,0
Albany,The Morgan State House,2,344.6,0
Albany,The Morgan State House,3,374.6,0
Albany,The Morgan State House,2,344.6,0
Albany,Crowne Plaza Albany,2,130.2,0
Albany,Crowne Plaza Albany,3,160.2,0
Albany,Crowne Plaza Albany,2,130.2,0
Albany,Crowne Plaza Albany,2,130.2,0
Albany,Crowne Plaza Albany,2,130.2,0
Albany,Crowne Plaza Albany,3,160.2,0
Albany,Crowne Plaza Albany,2,130.2,0
Albany,Crowne Plaza Albany,3,160.2,0
Albany,Crowne Plaza Albany,2,130.2,0
Albany,Crowne Plaza Albany,3,160.2,0
Albany,Renaissance Albany Hotel,3,363.1,0
Albany,Renaissance Albany Hotel,3,363.1,0
Albany,Renaissance Albany Hotel,2,333.1,0
Albany,Renaissance Albany Hotel,3,363.1,0
Albany,Renaissance Albany Hotel,3,363.1,0
Albany,Renaissance Albany Hotel,3,363.1,0
Albany,Renaissance Albany Hotel,3,363.1,0
Albany,Renaissance Albany Hotel,2,333.1,0
Albany,Renaissance Albany Hotel,2,333.1,0
Albany,Renaissance Albany Hotel,3,363.1,0
Albany,Hotel Hilton Garden Inn Albany/Suny Area,2,138.7,0
Albany,Hotel Hilton Garden Inn Albany/Suny Area,2,138.7,0
Albany,Hotel Hilton Garden Inn Albany/Suny Area,3,168.7,0
Albany,Hotel Hilton Garden Inn Albany/Suny Area,2,138.7,0
Albany,Hotel Hilton Garden Inn Albany/Suny Area,3,168.7,0
Albany,Hotel Hilton Garden Inn Albany/Suny Area,3,168.7,0
Albany,Hotel Hilton Garden Inn Albany/Suny Area,3,168.7,0
Albany,Hotel Hilton Garden Inn Albany/Suny Area,3,168.7,0
Albany,Hotel Hilton Garden Inn Albany/Suny Area,2,138.7,0
Albany,Hotel Hilton Garden Inn Albany/Suny Area,2,138.7,0
Albany,Homewood Suites by Hilton Albany,3,546.7,0
Albany,Homewood Suites by Hilton Albany,3,546.7,0
Albany,Homewood Suites by Hilton Albany,2,516.7,0
Albany,Homewood Suites by Hilton Albany,2,516.7,0
Albany,Homewood Suites by Hilton Albany,2,516.7,0
Albany,Homewood Suites by Hilton Albany,3,546.7,0
Albany,Homewood Suites by Hilton Albany,2,516.7,0
Albany,Homewood Suites by Hilton Albany,2,516.7,0
Albany,Homewood Suites by Hilton Albany,2,516.7,0
Albany,Homewood Suites by Hilton Albany,3,546.7,0
Albany,Hilton Garden Inn Albany Medical Center,2,540.9,0
Albany,Hilton Garden Inn Albany Medical Center,2,540.9,0
Albany,Hilton Garden Inn Albany Medical Center,3,570.9,0
Albany,Hilton Garden Inn Albany Medical Center,2,540.9,0
Albany,Hilton Garden Inn Albany Medical Center,2,540.9,0
Albany,Hilton Garden Inn Albany Medical Center,3,570.9,0
Albany,Hilton Garden Inn Albany Medical Center,3,570.9,0
Albany,Hilton Garden Inn Albany Medical Center,3,570.9,0
Albany,Hilton Garden Inn Albany Medical Center,3,570.9,0
Albany,Hilton Garden Inn Albany Medical Center,3,570.9,0
Austin,Renaissance Austin Hotel,3,359.0,0
Austin,Renaissance Austin Hotel,2,329.0,0
Austin,Renaissance Austin Hotel,2,329.0,0
Austin,Renaissance Austin Hotel,3,359.0,0
Austin,Renaissance Austin Hotel,3,359.0,0
Austin,Renaissance Austin Hotel,2,329.0,0
Austin,Renaissance Austin Hotel,3,359.0,0
Austin,Renaissance Austin Hotel,3,359.0,0
Austin,Renaissance Austin Hotel,3,359.0,0
Austin,Renaissance Austin Hotel,3,359.0,0
Austin,W Austin,3,365.2,0
Austin,W Austin,3,365.2,0
Austin,W Austin,3,365.2,0
Austin,W Austin,3,365.2,0
Austin,W Austin,2,335.2,0
Austin,W Austin,2,335.2,0
Austin,W Austin,3,365.2,0
Austin,W Austin,3,365.2,0
Austin,W Austin,3,365.2,0
Austin,W Austin,2,335.2,0
Austin,DoubleTree Suites,2,121.2,0
Austin,DoubleTree Suites,2,121.2,0
Austin,DoubleTree Suites,1,91.2,0
Austin,DoubleTree Suites,2,121.2,0
Austin,DoubleTree Suites,2,121.2,0
Austin,DoubleTree Suites,3,151.2,0
Austin,DoubleTree Suites,3,151.2,0
Austin,DoubleTree Suites,2,121.2,0
Austin,DoubleTree Suites,2,121.2,0
Austin,DoubleTree Suites,3,151.2,0
Austin,Hyatt Place Austin Downtown,3,152.4,0
Austin,Hyatt Place Austin Downtown,2,122.4,0
Austin,Hyatt Place Austin Downtown,3,152.4,0
Austin,Hyatt Place Austin Downtown,2,122.4,0
Austin,Hyatt Place Austin Downtown,2,122.4,0
Austin,Hyatt Place Austin Downtown,1,92.4,0
Austin,Hyatt Place Austin Downtown,3,152.4,0
Austin,Hyatt Place Austin Downtown,2,122.4,0
Austin,Hyatt Place Austin Downtown,4,182.4,0
Austin,Hyatt Place Austin Downtown,2,122.4,0
Austin,Four Seasons Hotel Austin,3,556.0,0
Austin,Four Seasons Hotel Austin,3,556.0,0
Austin,Four Seasons Hotel Austin,2,526.0,0
Austin,Four Seasons Hotel Austin,2,526.0,0
Austin,Four Seasons Hotel Austin,2,526.0,0
Austin,Four Seasons Hotel Austin,2,526.0,0
Austin,Four Seasons Hotel Austin,2,526.0,0
Austin,Four Seasons Hotel Austin,2,526.0,0
Austin,Four Seasons Hotel Austin,2,526.0,0
Austin,Four Seasons Hotel Austin,3,556.0,0
Austin,Austin Proper Hotel,2,553.0,0
Austin,Austin Proper Hotel,2,553.0,0
Austin,Austin Proper Hotel,3,583.0,0
Austin,Austin Proper Hotel,2,553.0,0
Austin,Austin Proper Hotel,2,553.0,0
Austin,Austin Proper Hotel,2,553.0,0
Austin,Austin Proper Hotel,3,583.0,0
Austin,Austin Proper Hotel,3,583.0,0
Austin,Austin Proper Hotel,3,583.0,0
Austin,Austin Proper Hotel,3,583.0,0
Los Angeles,The Ritz-Carlton-Los Angeles,3,573.1,0
Los Angeles,The Ritz-Carlton-Los Angeles,2,543.1,0
Los Angeles,The Ritz-Carlton-Los Angeles,3,573.1,0
Los Angeles,The Ritz-Carlton-Los Angeles,2,543.1,0
Los Angeles,The Ritz-Carlton-Los Angeles,3,573.1,0
Los Angeles,The Ritz-Carlton-Los Angeles,3,573.1,0
Los Angeles,The Ritz-Carlton-Los Angeles,3,573.1,0
Los Angeles,The Ritz-Carlton-Los Angeles,2,543.1,0
Los Angeles,The Ritz-Carlton-Los Angeles,3,573.1,0
Los Angeles,The Ritz-Carlton-Los Angeles,3,573.1,0
Los Angeles,Hotel Bel-Air,4,603.0,0
Los Angeles,Hotel Bel-Air,3,573.0,0
Los Angeles,Hotel Bel-Air,3,573.0,0
Los Angeles,Hotel Bel-Air,3,573.0,0
Los Angeles,Hotel Bel-Air,1,513.0,0
Los Angeles,Hotel Bel-Air,2,543.0,0
Los Angeles,Hotel Bel-Air,3,573.0,0
Los Angeles,Hotel Bel-Air,3,573.0,0
Los Angeles,Hotel Bel-Air,3,573.0,0
Los Angeles,Hotel Bel-Air,2,543.0,0
Los Angeles,JW Marriott Los Angeles L.A. LIVE,2,341.4,0
Los Angeles,JW Marriott Los Angeles L.A. LIVE,2,341.4,0
Los Angeles,JW Marriott Los Angeles L.A. LIVE,3,371.4,0
Los Angeles,JW Marriott Los Angeles L.A. LIVE,2,341.4,0
Los Angeles,JW Marriott Los Angeles L.A. LIVE,2,341.4,0
Los Angeles,JW Marriott Los Angeles L.A. LIVE,3,371.4,0
Los Angeles,JW Marriott Los Angeles L.A. LIVE,3,371.4,0
Los Angeles,JW Marriott Los Angeles L.A. LIVE,2,341.4,0
Los Angeles,JW Marriott Los Angeles L.A. LIVE,3,371.4,0
Los Angeles,JW Marriott Los Angeles L.A. LIVE,3,371.4,0
Los Angeles,InterContinental Los Angeles Downtown,3,370.8,0
Los Angeles,InterContinental Los Angeles Downtown,2,340.8,0
Los Angeles,InterContinental Los Angeles Downtown,2,340.8,0
Los Angeles,InterContinental Los Angeles Downtown,3,370.8,0
Los Angeles,InterContinental Los Angeles Downtown,3,370.8,0
Los Angeles,InterContinental Los Angeles Downtown,3,370.8,0
Los Angeles,InterContinental Los Angeles Downtown,2,340.8,0
Los Angeles,InterContinental Los Angeles Downtown,2,340.8,0
Los Angeles,InterContinental Los Angeles Downtown,3,370.8,0
Los Angeles,InterContinental Los Angeles Downtown,2,340.8,0
Los Angeles,Hotel Mr C Beverly Hills,2,330.1,0
Los Angeles,Hotel Mr C Beverly Hills,2,330.1,0
Los Angeles,Hotel Mr C Beverly Hills,3,360.1,0
Los Angeles,Hotel Mr C Beverly Hills,3,360.1,0
Los Angeles,Hotel Mr C Beverly Hills,3,360.1,0
Los Angeles,Hotel Mr C Beverly Hills,3,360.1,0
Los Angeles,Hotel Mr C Beverly Hills,2,330.1,0
Los Angeles,Hotel Mr C Beverly Hills,2,330.1,0
Los Angeles,Hotel Mr C Beverly Hills,3,360.1,0
Los Angeles,Hotel Mr C Beverly Hills,3,360.1,0
Los Angeles,Élan Hotel,2,124.8,0
Los Angeles,Élan Hotel,3,154.8,0
Los Angeles,Élan Hotel,3,154.8,0
Los Angeles,Élan Hotel,2,124.8,0
Los Angeles,Élan Hotel,2,124.8,0
Los Angeles,Élan Hotel,2,124.8,0
Los Angeles,Élan Hotel,2,124.8,0
Los Angeles,Élan Hotel,3,154.8,0
Los Angeles,Élan Hotel,3,154.8,0
Los Angeles,Élan Hotel,3,154.8,0
Salt Lake City,The Grand America Hotel,2,531.5,0
Salt Lake City,The Grand America Hotel,3,561.5,0
Salt Lake City,The Grand America Hotel,4,591.5,0
Salt Lake City,The Grand America Hotel,2,531.5,0
Salt Lake City,The Grand America Hotel,4,591.5,0
Salt Lake City,The Grand America Hotel,3,561.5,0
Salt Lake City,The Grand America Hotel,2,531.5,0
Salt Lake City,The Grand America Hotel,3,561.5,0
Salt Lake City,The Grand America Hotel,4,591.5,0
Salt Lake City,The Grand America Hotel,2,531.5,0
Salt Lake City,Kimpton Hotel Monaco,1,304.2,0
Salt Lake City,Kimpton Hotel Monaco,2,334.2,0
Salt Lake City,Kimpton Hotel Monaco,3,364.2,0
Salt Lake City,Kimpton Hotel Monaco,2,334.2,0
Salt Lake City,Kimpton Hotel Monaco,2,334.2,0
Salt Lake City,Kimpton Hotel Monaco,2,334.2,0
Salt Lake City,Kimpton Hotel Monaco,3,364.2,0
Salt Lake City,Kimpton Hotel Monaco,3,364.2,0
Salt Lake City,Kimpton Hotel Monaco,3,364.2,0
Salt Lake City,Kimpton Hotel Monaco,2,334.2,0
Salt Lake City,AC Hotel by Marriott,3,172.4,0
Salt Lake City,AC Hotel by Marriott,2,142.4,0
Salt Lake City,AC Hotel by Marriott,3,172.4,0
Salt Lake City,AC Hotel by Marriott,4,202.4,0
Salt Lake City,AC Hotel by Marriott,3,172.4,0
Salt Lake City,AC Hotel by Marriott,3,172.4,0
Salt Lake City,AC Hotel by Marriott,3,172.4,0
Salt Lake City,AC Hotel by Marriott,3,172.4,0
Salt Lake City,AC Hotel by Marriott,2,142.4,0
Salt Lake City,AC Hotel by Marriott,2,142.4,0
Salt Lake City,The Little America Hotel,3,380.0,0
Salt Lake City,The Little America Hotel,2,350.0,0
Salt Lake City,The Little America Hotel,3,380.0,0
Salt Lake City,The Little America Hotel,3,380.0,0
Salt Lake City,The Little America Hotel,3,380.0,0
Salt Lake City,The Little America Hotel,2,350.0,0
Salt Lake City,The Little America Hotel,4,410.0,0
Salt Lake City,The Little America Hotel,2,350.0,0
Salt Lake City,The Little America Hotel,2,350.0,0
Salt Lake City,The Little America Hotel,3,380.0,0
Salt Lake City,Residence Inn by Marriott,2,120.7,0
Salt Lake City,Residence Inn by Marriott,2,120.7,0
Salt Lake City,Residence Inn by Marriott,3,150.7,0
Salt Lake City,Residence Inn by Marriott,3,150.7,0
Salt Lake City,Residence Inn by Marriott,2,120.7,0
Salt Lake City,Residence Inn by Marriott,3,150.7,0
Salt Lake City,Residence Inn by Marriott,2,120.7,0
Salt Lake City,Residence Inn by Marriott,3,150.7,0
Salt Lake City,Residence Inn by Marriott,2,120.7,0
Salt Lake City,Residence Inn by Marriott,3,150.7,0
Salt Lake City,Hilton Salt Lake City Center,1,297.1,0
Salt Lake City,Hilton Salt Lake City Center,3,357.1,0
Salt Lake City,Hilton Salt Lake City Center,2,327.1,0
Salt Lake City,Hilton Salt Lake City Center,2,327.1,0
Salt Lake City,Hilton Salt Lake City Center,3,357.1,0
Salt Lake City,Hilton Salt Lake City Center,2,327.1,0
Salt Lake City,Hilton Salt Lake City Center,3,357.1,0
Salt Lake City,Hilton Salt Lake City Center,3,357.1,0
Salt Lake City,Hilton Salt Lake City Center,3,357.1,0
Salt Lake City,Hilton Salt Lake City Center,2,327.1,0
New Orleans,Windsor Court Hotel,2,533.7,0
New Orleans,Windsor Court Hotel,1,503.7,0
New Orleans,Windsor Court Hotel,3,563.7,0
New Orleans,Windsor Court Hotel,2,533.7,0
New Orleans,Windsor Court Hotel,2,533.7,0
New Orleans,Windsor Court Hotel,2,533.7,0
New Orleans,Windsor Court Hotel,3,563.7,0
New Orleans,Windsor Court Hotel,2,533.7,0
New Orleans,Windsor Court Hotel,3,563.7,0
New Orleans,Windsor Court Hotel,2,533.7,0
New Orleans,Nopsi Hotel,3,557.4,0
New Orleans,Nopsi Hotel,3,557.4,0
New Orleans,Nopsi Hotel,3,557.4,0
New Orleans,Nopsi Hotel,3,557.4,0
New Orleans,Nopsi Hotel,2,527.4,0
New Orleans,Nopsi Hotel,3,557.4,0
New Orleans,Nopsi Hotel,2,527.4,0
New Orleans,Nopsi Hotel,3,557.4,0
New Orleans,Nopsi Hotel,3,557.4,0
New Orleans,Nopsi Hotel,3,557.4,0
New Orleans,Blake Hotel New Orleans,3,367.2,0
New Orleans,Blake Hotel New Orleans,2,337.2,0
New Orleans,Blake Hotel New Orleans,3,367.2,0
New Orleans,Blake Hotel New Orleans,3,367.2,0
New Orleans,Blake Hotel New Orleans,3,367.2,0
New Orleans,Blake Hotel New Orleans,3,367.2,0
New Orleans,Blake Hotel New Orleans,3,367.2,0
New Orleans,Blake Hotel New Orleans,3,367.2,0
New Orleans,Blake Hotel New Orleans,3,367.2,0
New Orleans,Blake Hotel New Orleans,3,367.2,0
New Orleans,Holiday Inn New Orleans-Downtown Superdome,2,314.4,0
New Orleans,Holiday Inn New Orleans-Downtown Superdome,3,344.4,0
New Orleans,Holiday Inn New Orleans-Downtown Superdome,2,314.4,0
New Orleans,Holiday Inn New Orleans-Downtown Superdome,2,314.4,0
New Orleans,Holiday Inn New Orleans-Downtown Superdome,3,344.4,0
New Orleans,Holiday Inn New Orleans-Downtown Superdome,2,314.4,0
New Orleans,Holiday Inn New Orleans-Downtown Superdome,3,344.4,0
New Orleans,Holiday Inn New Orleans-Downtown Superdome,3,344.4,0
New Orleans,Holiday Inn New Orleans-Downtown Superdome,3,344.4,0
New Orleans,Holiday Inn New Orleans-Downtown Superdome,3,344.4,0
New Orleans,Four Points by Sheraton French Quarter,3,342.9,0
New Orleans,Four Points by Sheraton French Quarter,3,342.9,0
New Orleans,Four Points by Sheraton French Quarter,3,342.9,0
New Orleans,Four Points by Sheraton French Quarter,3,342.9,0
New Orleans,Four Points by Sheraton French Quarter,2,312.9,0
New Orleans,Four Points by Sheraton French Quarter,3,342.9,0
New Orleans,Four Points by Sheraton French Quarter,2,312.9,0
New Orleans,Four Points by Sheraton French Quarter,3,342.9,0
New Orleans,Four Points by Sheraton French Quarter,2,312.9,0
New Orleans,Four Points by Sheraton French Quarter,3,342.9,0
New Orleans,Brent House Hotel,2,122.1,0
New Orleans,Brent House Hotel,2,122.1,0
New Orleans,Brent House Hotel,3,152.1,0
New Orleans,Brent House Hotel,2,122.1,0
New Orleans,Brent House Hotel,2,122.1,0
New Orleans,Brent House Hotel,2,122.1,0
New Orleans,Brent House Hotel,3,152.1,0
New Orleans,Brent House Hotel,3,152.1,0
New Orleans,Brent House Hotel,3,152.1,0
New Orleans,Brent House Hotel,3,152.1,0
Washington,The Dupont Circle Hotel,2,555.8,0
Washington,The Dupont Circle Hotel,2,555.8,0
Washington,The Dupont Circle Hotel,1,525.8,0
Washington,The Dupont Circle Hotel,3,585.8,0
Washington,The Dupont Circle Hotel,3,585.8,0
Washington,The Dupont Circle Hotel,3,585.8,0
Washington,The Dupont Circle Hotel,2,555.8,0
Washington,The Dupont Circle Hotel,3,585.8,0
Washington,The Dupont Circle Hotel,3,585.8,0
Washington,The Dupont Circle Hotel,2,555.8,0
Washington,The Mayflower Hotel,2,540.4,0
Washington,The Mayflower Hotel,3,570.4,0
Washington,The Mayflower Hotel,2,540.4,0
Washington,The Mayflower Hotel,2,540.4,0
Washington,The Mayflower Hotel,2,540.4,0
Washington,The Mayflower Hotel,2,540.4,0
Washington,The Mayflower Hotel,2,540.4,0
Washington,The Mayflower Hotel,3,570.4,0
Washington,The Mayflower Hotel,3,570.4,0
Washington,The Mayflower Hotel,2,540.4,0
Washington,Hyatt Regency Washington,2,337.5,0
Washington,Hyatt Regency Washington,2,337.5,0
Washington,Hyatt Regency Washington,2,337.5,0
Washington,Hyatt Regency Washington,2,337.5,0
Washington,Hyatt Regency Washington,3,367.5,0
Washington,Hyatt Regency Washington,1,307.5,0
Washington,Hyatt Regency Washington,3,367.5,0
Washington,Hyatt Regency Washington,2,337.5,0
Washington,Hyatt Regency Washington,2,337.5,0
Washington,Hyatt Regency Washington,3,367.5,0
Washington,Glover Park Hotel,2,320.8,0
Washington,Glover Park Hotel,2,320.8,0
Washington,Glover Park Hotel,2,320.8,0
Washington,Glover Park Hotel,3,350.8,0
Washington,Glover Park Hotel,2,320.8,0
Washington,Glover Park Hotel,2,320.8,0
Washington,Glover Park Hotel,2,320.8,0
Washington,Glover Park Hotel,3,350.8,0
Washington,Glover Park Hotel,2,320.8,0
Washington,Glover Park Hotel,2,320.8,0
Washington,Courtyard by Marriott,2,136.6,0
Washington,Courtyard by Marriott,3,166.6,0
Washington,Courtyard by Marriott,2,136.6,0
Washington,Courtyard by Marriott,3,166.6,0
Washington,Courtyard by Marriott,2,136.6,0
Washington,Courtyard by Marriott,3,166.6,0
Washington,Courtyard by Marriott,2,136.6,0
Washington,Courtyard by Marriott,4,196.6,0
Washington,Courtyard by Marriott,3,166.6,0
Washington,Courtyard by Marriott,3,166.6,0
Washington,Wyndham Garden,3,170.2,0
Washington,Wyndham Garden,3,170.2,0
Washington,Wyndham Garden,2,140.2,0
Washington,Wyndham Garden,3,170.2,0
Washington,Wyndham Garden,3,170.2,0
Washington,Wyndham Garden,2,140.2,0
Washington,Wyndham Garden,2,140.2,0
Washington,Wyndham Garden,2,140.2,0
Washington,Wyndham Garden,2,140.2,0
Washington,Wyndham Garden,2,140.2,0
Minneapolis,The Chambers Hotel,3,573.1,0
Minneapolis,The Chambers Hotel,3,573.1,0
Minneapolis,The Chambers Hotel,2,543.1,0
Minneapolis,The Chambers Hotel,3,573.1,0
Minneapolis,The Chambers Hotel,3,573.1,0
Minneapolis,The Chambers Hotel,3,573.1,0
Minneapolis,The Chambers Hotel,3,573.1,0
Minneapolis,The Chambers Hotel,2,543.1,0
Minneapolis,The Chambers Hotel,2,543.1,0
Minneapolis,The Chambers Hotel,3,573.1,0
Minneapolis,Royal Sonesta,2,526.4,0
Minneapolis,Royal Sonesta,3,556.4,0
Minneapolis,Royal Sonesta,2,526.4,0
Minneapolis,Royal Sonesta,3,556.4,0
Minneapolis,Royal Sonesta,3,556.4,0
Minneapolis,Royal Sonesta,3,556.4,0
Minneapolis,Royal Sonesta,3,556.4,0
Minneapolis,Royal Sonesta,3,556.4,0
Minneapolis,Royal Sonesta,2,526.4,0
Minneapolis,Royal Sonesta,3,556.4,0
Minneapolis,Millennium Minneapolis,3,373.7,0
Minneapolis,Millennium Minneapolis,3,373.7,0
Minneapolis,Millennium Minneapolis,2,343.7,0
Minneapolis,Millennium Minneapolis,3,373.7,0
Minneapolis,Millennium Minneapolis,3,373.7,0
Minneapolis,Millennium Minneapolis,3,373.7,0
Minneapolis,Millennium Minneapolis,3,373.7,0
Minneapolis,Millennium Minneapolis,2,343.7,0
Minneapolis,Millennium Minneapolis,2,343.7,0
Minneapolis,Millennium Minneapolis,3,373.7,0
Minneapolis,InterContinental St. Paul Riverfront,2,321.9,0
Minneapolis,InterContinental St. Paul Riverfront,3,351.9,0
Minneapolis,InterContinental St. Paul Riverfront,2,321.9,0
Minneapolis,InterContinental St. Paul Riverfront,3,351.9,0
Minneapolis,InterContinental St. Paul Riverfront,2,321.9,0
Minneapolis,InterContinental St. Paul Riverfront,2,321.9,0
Minneapolis,InterContinental St. Paul Riverfront,2,321.9,0
Minneapolis,InterContinental St. Paul Riverfront,2,321.9,0
Minneapolis,InterContinental St. Paul Riverfront,4,381.9,0
Minneapolis,InterContinental St. Paul Riverfront,2,321.9,0
Minneapolis,Embassy Suites Minneapolis,2,123.9,0
Minneapolis,Embassy Suites Minneapolis,3,153.9,0
Minneapolis,Embassy Suites Minneapolis,1,93.9,0
Minneapolis,Embassy Suites Minneapolis,2,123.9,0
Minneapolis,Embassy Suites Minneapolis,2,123.9,0
Minneapolis,Embassy Suites Minneapolis,3,153.9,0
Minneapolis,Embassy Suites Minneapolis,2,123.9,0
Minneapolis,Embassy Suites Minneapolis,3,153.9,0
Minneapolis,Embassy Suites Minneapolis,2,123.9,0
Minneapolis,Embassy Suites Minneapolis,3,153.9,0
Minneapolis,Hyatt Place Minneapolis,2,138.1,0
Minneapolis,Hyatt Place Minneapolis,3,168.1,0
Minneapolis,Hyatt Place Minneapolis,3,168.1,0
Minneapolis,Hyatt Place Minneapolis,2,138.1,0
Minneapolis,Hyatt Place Minneapolis,3,168.1,0
Minneapolis,Hyatt Place Minneapolis,2,138.1,0
Minneapolis,Hyatt Place Minneapolis,2,138.1,0
Minneapolis,Hyatt Place Minneapolis,2,138.1,0
Minneapolis,Hyatt Place Minneapolis,2,138.1,0
Minneapolis,Hyatt Place Minneapolis,2,138.1,0
Miami,Acqualina Resort and Residences,3,560.8,0
Miami,Acqualina Resort and Residences,2,530.8,0
Miami,Acqualina Resort and Residences,2,530.8,0
Miami,Acqualina Resort and Residences,2,530.8,0
Miami,Acqualina Resort and Residences,2,530.8,0
Miami,Acqualina Resort and Residences,3,560.8,0
Miami,Acqualina Resort and Residences,3,560.8,0
Miami,Acqualina Resort and Residences,3,560.8,0
Miami,Acqualina Resort and Residences,3,560.8,0
Miami,Acqualina Resort and Residences,2,530.8,0
Miami,The Betsy Hotel,1,495.8,0
Miami,The Betsy Hotel,3,555.8,0
Miami,The Betsy Hotel,2,525.8,0
Miami,The Betsy Hotel,3,555.8,0
Miami,The Betsy Hotel,2,525.8,0
Miami,The Betsy Hotel,2,525.8,0
Miami,The Betsy Hotel,3,555.8,0
Miami,The Betsy Hotel,3,555.8,0
Miami,The Betsy Hotel,2,525.8,0
Miami,The Betsy Hotel,2,525.8,0
Miami,Eurostars Langford,3,386.6,0
Miami,Eurostars Langford,2,356.6,0
Miami,Eurostars Langford,2,356.6,0
Miami,Eurostars Langford,3,386.6,0
Miami,Eurostars Langford,2,356.6,0
Miami,Eurostars Langford,2,356.6,0
Miami,Eurostars Langford,2,356.6,0
Miami,Eurostars Langford,2,356.6,0
Miami,Eurostars Langford,3,386.6,0
Miami,Eurostars Langford,2,356.6,0
Miami,Miami Marriott Dadeland,2,351.2,0
Miami,Miami Marriott Dadeland,2,351.2,0
Miami,Miami Marriott Dadeland,2,351.2,0
Miami,Miami Marriott Dadeland,3,381.2,0
Miami,Miami Marriott Dadeland,4,411.2,0
Miami,Miami Marriott Dadeland,2,351.2,0
Miami,Miami Marriott Dadeland,1,321.2,0
Miami,Miami Marriott Dadeland,2,351.2,0
Miami,Miami Marriott Dadeland,2,351.2,0
Miami,Miami Marriott Dadeland,3,381.2,0
Miami,Hyatt Regency Miami,3,176.4,0
Miami,Hyatt Regency Miami,3,176.4,0
Miami,Hyatt Regency Miami,3,176.4,0
Miami,Hyatt Regency Miami,3,176.4,0
Miami,Hyatt Regency Miami,2,146.4,0
Miami,Hyatt Regency Miami,2,146.4,0
Miami,Hyatt Regency Miami,2,146.4,0
Miami,Hyatt Regency Miami,2,146.4,0
Miami,Hyatt Regency Miami,3,176.4,0
Miami,Hyatt Regency Miami,1,116.4,0
Miami,THesis Hotel Miami,3,163.8,0
Miami,THesis Hotel Miami,3,163.8,0
Miami,THesis Hotel Miami,3,163.8,0
Miami,THesis Hotel Miami,2,133.8,0
Miami,THesis Hotel Miami,2,133.8,0
Miami,THesis Hotel Miami,2,133.8,0
Miami,THesis Hotel Miami,2,133.8,0
Miami,THesis Hotel Miami,3,163.8,0
Miami,THesis Hotel Miami,3,163.8,0
Miami,THesis Hotel Miami,2,133.8,0
El Paso,Hotel Paso Del Norte,3,364.5,0
El Paso,Hotel Paso Del Norte,3,364.5,0
El Paso,Hotel Paso Del Norte,3,364.5,0
El Paso,Hotel Paso Del Norte,3,364.5,0
El Paso,Hotel Paso Del Norte,3,364.5,0
El Paso,Hotel Paso Del Norte,2,334.5,0
El Paso,Hotel Paso Del Norte,3,364.5,0
El Paso,Hotel Paso Del Norte,3,364.5,0
El Paso,Hotel Paso Del Norte,3,364.5,0
El Paso,Hotel Paso Del Norte,2,334.5,0
El Paso,Stanton House El Paso,2,340.9,0
El Paso,Stanton House El Paso,3,370.9,0
El Paso,Stanton House El Paso,3,370.9,0
El Paso,Stanton House El Paso,3,370.9,0
El Paso,Stanton House El Paso,2,340.9,0
El Paso,Stanton House El Paso,2,340.9,0
El Paso,Stanton House El Paso,2,340.9,0
El Paso,Stanton House El Paso,2,340.9,0
El Paso,Stanton House El Paso,3,370.9,0
El Paso,Stanton House El Paso,2,340.9,0
El Paso,The Plaza Hotel Pioneer Park,2,337.8,0
El Paso,The Plaza Hotel Pioneer Park,2,337.8,0
El Paso,The Plaza Hotel Pioneer Park,3,367.8,0
El Paso,The Plaza Hotel Pioneer Park,3,367.8,0
El Paso,The Plaza Hotel Pioneer Park,3,367.8,0
El Paso,The Plaza Hotel Pioneer Park,3,367.8,0
El Paso,The Plaza Hotel Pioneer Park,2,337.8,0
El Paso,The Plaza Hotel Pioneer Park,2,337.8,0
El Paso,The Plaza Hotel Pioneer Park,3,367.8,0
El Paso,The Plaza Hotel Pioneer Park,2,337.8,0
El Paso,Hilton Garden Inn El Paso University,2,137.5,0
El Paso,Hilton Garden Inn El Paso University,2,137.5,0
El Paso,Hilton Garden Inn El Paso University,2,137.5,0
El Paso,Hilton Garden Inn El Paso University,2,137.5,0
El Paso,Hilton Garden Inn El Paso University,3,167.5,0
El Paso,Hilton Garden Inn El Paso University,4,197.5,0
El Paso,Hilton Garden Inn El Paso University,2,137.5,0
El Paso,Hilton Garden Inn El Paso University,4,197.5,0
El Paso,Hilton Garden Inn El Paso University,4,197.5,0
El Paso,Hilton Garden Inn El Paso University,2,137.5,0
El Paso,Hawthorn Suites,2,134.4,0
El Paso,Hawthorn Suites,3,164.4,0
El Paso,Hawthorn Suites,2,134.4,0
El Paso,Hawthorn Suites,2,134.4,0
El Paso,Hawthorn Suites,2,134.4,0
El Paso,Hawthorn Suites,1,104.4,0
El Paso,Hawthorn Suites,3,164.4,0
El Paso,Hawthorn Suites,2,134.4,0
El Paso,Hawthorn Suites,2,134.4,0
El Paso,Hawthorn Suites,2,134.4,0
El Paso,Quality Suites University,2,126.9,0
El Paso,Quality Suites University,4,186.9,0
El Paso,Quality Suites University,2,126.9,0
El Paso,Quality Suites University,2,126.9,0
El Paso,Quality Suites University,2,126.9,0
El Paso,Quality Suites University,2,126.9,0
El Paso,Quality Suites University,3,156.9,0
El Paso,Quality Suites University,4,186.9,0
El Paso,Quality Suites University,3,156.9,0
El Paso,Quality Suites University,2,126.9,0
Phoenix,Renaissance Phoenix Downtown Hotel,2,513.5,0
Phoenix,Renaissance Phoenix Downtown Hotel,3,543.5,0
Phoenix,Renaissance Phoenix Downtown Hotel,3,543.5,0
Phoenix,Renaissance Phoenix Downtown Hotel,2,513.5,0
Phoenix,Renaissance Phoenix Downtown Hotel,3,543.5,0
Phoenix,Renaissance Phoenix Downtown Hotel,4,573.5,0
Phoenix,Renaissance Phoenix Downtown Hotel,3,543.5,0
Phoenix,Renaissance Phoenix Downtown Hotel,3,543.5,0
Phoenix,Renaissance Phoenix Downtown Hotel,3,543.5,0
Phoenix,Renaissance Phoenix Downtown Hotel,2,513.5,0
Phoenix,The Phoenician,2,519.4,0
Phoenix,The Phoenician,3,549.4,0
Phoenix,The Phoenician,3,549.4,0
Phoenix,The Phoenician,3,549.4,0
Phoenix,The Phoenician,3,549.4,0
Phoenix,The Phoenician,3,549.4,0
Phoenix,The Phoenician,2,519.4,0
Phoenix,The Phoenician,3,549.4,0
Phoenix,The Phoenician,3,549.4,0
Phoenix,The Phoenician,2,519.4,0
Phoenix,Embassy Suites Phoenix,2,334.9,0
Phoenix,Embassy Suites Phoenix,2,334.9,0
Phoenix,Embassy Suites Phoenix,2,334.9,0
Phoenix,Embassy Suites Phoenix,2,334.9,0
Phoenix,Embassy Suites Phoenix,3,364.9,0
Phoenix,Embassy Suites Phoenix,2,334.9,0
Phoenix,Embassy Suites Phoenix,3,364.9,0
Phoenix,Embassy Suites Phoenix,3,364.9,0
Phoenix,Embassy Suites Phoenix,3,364.9,0
Phoenix,Embassy Suites Phoenix,3,364.9,0
Phoenix,The Hermosa Inn,3,357.1,0
Phoenix,The Hermosa Inn,2,327.1,0
Phoenix,The Hermosa Inn,3,357.1,0
Phoenix,The Hermosa Inn,2,327.1,0
Phoenix,The Hermosa Inn,3,357.1,0
Phoenix,The Hermosa Inn,2,327.1,0
Phoenix,The Hermosa Inn,2,327.1,0
Phoenix,The Hermosa Inn,2,327.1,0
Phoenix,The Hermosa Inn,2,327.1,0
Phoenix,The Hermosa Inn,2,327.1,0
Phoenix,Aloft Phoenix Airport,2,102.6,0
Phoenix,Aloft Phoenix Airport,2,102.6,0
Phoenix,Aloft Phoenix Airport,3,132.6,0
Phoenix,Aloft Phoenix Airport,2,102.6,0
Phoenix,Aloft Phoenix Airport,3,132.6,0
Phoenix,Aloft Phoenix Airport,3,132.6,0
Phoenix,Aloft Phoenix Airport,3,132.6,0
Phoenix,Aloft Phoenix Airport,2,102.6,0
Phoenix,Aloft Phoenix Airport,2,102.6,0
Phoenix,Aloft Phoenix Airport,2,102.6,0
Phoenix,La Quinta Inn,2,135.8,0
Phoenix,La Quinta Inn,2,135.8,0
Phoenix,La Quinta Inn,3,165.8,0
Phoenix,La Quinta Inn,3,165.8,0
Phoenix,La Quinta Inn,3,165.8,0
Phoenix,La Quinta Inn,2,135.8,0
Phoenix,La Quinta Inn,4,195.8,0
Phoenix,La Quinta Inn,2,135.8,0
Phoenix,La Quinta Inn,3,165.8,0
Phoenix,La Quinta Inn,2,135.8,0
Philadelphia,The Rittenhouse Hotel,3,550.5,0
Philadelphia,The Rittenhouse Hotel,2,520.5,0
Philadelphia,The Rittenhouse Hotel,3,550.5,0
Philadelphia,The Rittenhouse Hotel,2,520.5,0
Philadelphia,The Rittenhouse Hotel,2,520.5,0
Philadelphia,The Rittenhouse Hotel,3,550.5,0
Philadelphia,The Rittenhouse Hotel,3,550.5,0
Philadelphia,The Rittenhouse Hotel,3,550.5,0
Philadelphia,The Rittenhouse Hotel,3,550.5,0
Philadelphia,The Rittenhouse Hotel,3,550.5,0
Philadelphia,Four Seasons Hotel Philadelphia,2,519.0,0
Philadelphia,Four Seasons Hotel Philadelphia,3,549.0,0
Philadelphia,Four Seasons Hotel Philadelphia,2,519.0,0
Philadelphia,Four Seasons Hotel Philadelphia,2,519.0,0
Philadelphia,Four Seasons Hotel Philadelphia,2,519.0,0
Philadelphia,Four Seasons Hotel Philadelphia,3,549.0,0
Philadelphia,Four Seasons Hotel Philadelphia,2,519.0,0
Philadelphia,Four Seasons Hotel Philadelphia,2,519.0,0
Philadelphia,Four Seasons Hotel Philadelphia,3,549.0,0
Philadelphia,Four Seasons Hotel Philadelphia,3,549.0,0
Philadelphia,Philadelphia Marriott Downtown,2,329.2,0
Philadelphia,Philadelphia Marriott Downtown,2,329.2,0
Philadelphia,Philadelphia Marriott Downtown,2,329.2,0
Philadelphia,Philadelphia Marriott Downtown,2,329.2,0
Philadelphia,Philadelphia Marriott Downtown,2,329.2,0
Philadelphia,Philadelphia Marriott Downtown,2,329.2,0
Philadelphia,Philadelphia Marriott Downtown,2,329.2,0
Philadelphia,Philadelphia Marriott Downtown,2,329.2,0
Philadelphia,Philadelphia Marriott Downtown,2,329.2,0
Philadelphia,Philadelphia Marriott Downtown,2,329.2,0
Philadelphia,The Inn at Penn,2,339.9,0
Philadelphia,The Inn at Penn,2,339.9,0
Philadelphia,The Inn at Penn,2,339.9,0
Philadelphia,The Inn at Penn,2,339.9,0
Philadelphia,The Inn at Penn,2,339.9,0
Philadelphia,The Inn at Penn,3,369.9,0
Philadelphia,The Inn at Penn,3,369.9,0
Philadelphia,The Inn at Penn,2,339.9,0
Philadelphia,The Inn at Penn,3,369.9,0
Philadelphia,The Inn at Penn,3,369.9,0
Philadelphia,Radisson Hotel Philadelphia,2,123.5,0
Philadelphia,Radisson Hotel Philadelphia,2,123.5,0
Philadelphia,Radisson Hotel Philadelphia,2,123.5,0
Philadelphia,Radisson Hotel Philadelphia,2,123.5,0
Philadelphia,Radisson Hotel Philadelphia,2,123.5,0
Philadelphia,Radisson Hotel Philadelphia,2,123.5,0
Philadelphia,Radisson Hotel Philadelphia,3,153.5,0
Philadelphia,Radisson Hotel Philadelphia,3,153.5,0
Philadelphia,Radisson Hotel Philadelphia,3,153.5,0
Philadelphia,Radisson Hotel Philadelphia,3,153.5,0
Philadelphia,The Maj Hotel,2,132.9,0
Philadelphia,The Maj Hotel,4,192.9,0
Philadelphia,The Maj Hotel,2,132.9,0
Philadelphia,The Maj Hotel,3,162.9,0
Philadelphia,The Maj Hotel,3,162.9,0
Philadelphia,The Maj Hotel,2,132.9,0
Philadelphia,The Maj Hotel,3,162.9,0
Philadelphia,The Maj Hotel,2,132.9,0
Philadelphia,The Maj Hotel,3,162.9,0
Philadelphia,The Maj Hotel,4,192.9,0
Detroit,MGM Grand Detroit,3,555.4,0
Detroit,MGM Grand Detroit,2,525.4,0
Detroit,MGM Grand Detroit,2,525.4,0
Detroit,MGM Grand Detroit,3,555.4,0
Detroit,MGM Grand Detroit,3,555.4,0
Detroit,MGM Grand Detroit,2,525.4,0
Detroit,MGM Grand Detroit,3,555.4,0
Detroit,MGM Grand Detroit,2,525.4,0
Detroit,MGM Grand Detroit,2,525.4,0
Detroit,MGM Grand Detroit,3,555.4,0
Detroit,The Siren Hotel,2,333.5,0
Detroit,The Siren Hotel,2,333.5,0
Detroit,The Siren Hotel,2,333.5,0
Detroit,The Siren Hotel,3,363.5,0
Detroit,The Siren Hotel,2,333.5,0
Detroit,The Siren Hotel,3,363.5,0
Detroit,The Siren Hotel,3,363.5,0
Detroit,The Siren Hotel,2,333.5,0
Detroit,The Siren Hotel,2,333.5,0
Detroit,The Siren Hotel,2,333.5,0
Detroit,Detroit Foundation Hotel,2,329.1,0
Detroit,Detroit Foundation Hotel,2,329.1,0
Detroit,Detroit Foundation Hotel,2,329.1,0
Detroit,Detroit Foundation Hotel,2,329.1,0
Detroit,Detroit Foundation Hotel,3,359.1,0
Detroit,Detroit Foundation Hotel,3,359.1,0
Detroit,Detroit Foundation Hotel,4,389.1,0
Detroit,Detroit Foundation Hotel,2,329.1,0
Detroit,Detroit Foundation Hotel,2,329.1,0
Detroit,Detroit Foundation Hotel,2,329.1,0
Detroit,Atheneum Suite Hotel,1,119.0,0
Detroit,Atheneum Suite Hotel,2,149.0,0
Detroit,Atheneum Suite Hotel,2,149.0,0
Detroit,Atheneum Suite Hotel,3,179.0,0
Detroit,Atheneum Suite Hotel,2,149.0,0
Detroit,Atheneum Suite Hotel,3,179.0,0
Detroit,Atheneum Suite Hotel,3,179.0,0
Detroit,Atheneum Suite Hotel,2,149.0,0
Detroit,Atheneum Suite Hotel,1,119.0,0
Detroit,Atheneum Suite Hotel,3,179.0,0
Detroit,Hotel Indigo,2,135.7,0
Detroit,Hotel Indigo,2,135.7,0
Detroit,Hotel Indigo,2,135.7,0
Detroit,Hotel Indigo,2,135.7,0
Detroit,Hotel Indigo,2,135.7,0
Detroit,Hotel Indigo,2,135.7,0
Detroit,Hotel Indigo,1,105.7,0
Detroit,Hotel Indigo,2,135.7,0
Detroit,Hotel Indigo,3,165.7,0
Detroit,Hotel Indigo,2,135.7,0
Detroit,Hollywood Casino at Greektown,2,136.1,0
Detroit,Hollywood Casino at Greektown,2,136.1,0
Detroit,Hollywood Casino at Greektown,3,166.1,0
Detroit,Hollywood Casino at Greektown,2,136.1,0
Detroit,Hollywood Casino at Greektown,3,166.1,0
Detroit,Hollywood Casino at Greektown,2,136.1,0
Detroit,Hollywood Casino at Greektown,3,166.1,0
Detroit,Hollywood Casino at Greektown,3,166.1,0
Detroit,Hollywood Casino at Greektown,3,166.1,0
Detroit,Hollywood Casino at Greektown,2,136.1,0
Orlando,Waldorf Astoria Orlando,2,545.3,0
Orlando,Waldorf Astoria Orlando,3,575.3,0
Orlando,Waldorf Astoria Orlando,2,545.3,0
Orlando,Waldorf Astoria Orlando,3,575.3,0
Orlando,Waldorf Astoria Orlando,2,545.3,0
Orlando,Waldorf Astoria Orlando,3,575.3,0
Orlando,Waldorf Astoria Orlando,2,545.3,0
Orlando,Waldorf Astoria Orlando,3,575.3,0
Orlando,Waldorf Astoria Orlando,3,575.3,0
Orlando,Waldorf Astoria Orlando,3,575.3,0
Orlando,Four Seasons Resort Orlando,2,530.0,0
Orlando,Four Seasons Resort Orlando,2,530.0,0
Orlando,Four Seasons Resort Orlando,2,530.0,0
Orlando,Four Seasons Resort Orlando,3,560.0,0
Orlando,Four Seasons Resort Orlando,3,560.0,0
Orlando,Four Seasons Resort Orlando,2,530.0,0
Orlando,Four Seasons Resort Orlando,2,530.0,0
Orlando,Four Seasons Resort Orlando,3,560.0,0
Orlando,Four Seasons Resort Orlando,2,530.0,0
Orlando,Four Seasons Resort Orlando,3,560.0,0
Orlando,Universal's Hard Rock Hotel,3,372.8,0
Orlando,Universal's Hard Rock Hotel,2,342.8,0
Orlando,Universal's Hard Rock Hotel,3,372.8,0
Orlando,Universal's Hard Rock Hotel,2,342.8,0
Orlando,Universal's Hard Rock Hotel,3,372.8,0
Orlando,Universal's Hard Rock Hotel,2,342.8,0
Orlando,Universal's Hard Rock Hotel,2,342.8,0
Orlando,Universal's Hard Rock Hotel,2,342.8,0
Orlando,Universal's Hard Rock Hotel,3,372.8,0
Orlando,Universal's Hard Rock Hotel,3,372.8,0
Orlando,Renaissance Orlando at SeaWorld,3,358.8,0
Orlando,Renaissance Orlando at SeaWorld,3,358.8,0
Orlando,Renaissance Orlando at SeaWorld,3,358.8,0
Orlando,Renaissance Orlando at SeaWorld,2,328.8,0
Orlando,Renaissance Orlando at SeaWorld,3,358.8,0
Orlando,Renaissance Orlando at SeaWorld,3,358.8,0
Orlando,Renaissance Orlando at SeaWorld,3,358.8,0
Orlando,Renaissance Orlando at SeaWorld,2,328.8,0
Orlando,Renaissance Orlando at SeaWorld,2,328.8,0
Orlando,Renaissance Orlando at SeaWorld,3,358.8,0
Orlando,Universal's Cabana Bay Beach Resort,3,165.5,0
Orlando,Universal's Cabana Bay Beach Resort,2,135.5,0
Orlando,Universal's Cabana Bay Beach Resort,3,165.5,0
Orlando,Universal's Cabana Bay Beach Resort,2,135.5,0
Orlando,Universal's Cabana Bay Beach Resort,2,135.5,0
Orlando,Universal's Cabana Bay Beach Resort,2,135.5,0
Orlando,Universal's Cabana Bay Beach Resort,1,105.5,0
Orlando,Universal's Cabana Bay Beach Resort,2,135.5,0
Orlando,Universal's Cabana Bay Beach Resort,2,135.5,0
Orlando,Universal's Cabana Bay Beach Resort,2,135.5,0
Orlando,Universal's Aventura Hotel,2,132.2,0
Orlando,Universal's Aventura Hotel,2,132.2,0
Orlando,Universal's Aventura Hotel,2,132.2,0
Orlando,Universal's Aventura Hotel,2,132.2,0
Orlando,Universal's Aventura Hotel,3,162.2,0
Orlando,Universal's Aventura Hotel,2,132.2,0
Orlando,Universal's Aventura Hotel,2,132.2,0
Orlando,Universal's Aventura Hotel,2,132.2,0
Orlando,Universal's Aventura Hotel,3,162.2,0
Orlando,Universal's Aventura Hotel,3,162.2,0
Pasadena,The Langham Huntington,3,578.1,0
Pasadena,The Langham Huntington,3,578.1,0
Pasadena,The Langham Huntington,3,578.1,0
Pasadena,The Langham Huntington,1,518.1,0
Pasadena,The Langham Huntington,2,548.1,0
Pasadena,The Langham Huntington,3,578.1,0
Pasadena,The Langham Huntington,2,548.1,0
Pasadena,The Langham Huntington,3,578.1,0
Pasadena,The Langham Huntington,2,548.1,0
Pasadena,The Langham Huntington,2,548.1,0
Pasadena,The Westin Pasadena,3,357.9,0
Pasadena,The Westin Pasadena,3,357.9,0
Pasadena,The Westin Pasadena,3,357.9,0
Pasadena,The Westin Pasadena,2,327.9,0
Pasadena,The Westin Pasadena,2,327.9,0
Pasadena,The Westin Pasadena,2,327.9,0
Pasadena,The Westin Pasadena,2,327.9,0
Pasadena,The Westin Pasadena,3,357.9,0
Pasadena,The Westin Pasadena,3,357.9,0
Pasadena,The Westin Pasadena,3,357.9,0
Pasadena,GreenTree Pasadena Inn,3,353.9,0
Pasadena,GreenTree Pasadena Inn,2,323.9,0
Pasadena,GreenTree Pasadena Inn,3,353.9,0
Pasadena,GreenTree Pasadena Inn,2,323.9,0
Pasadena,GreenTree Pasadena Inn,2,323.9,0
Pasadena,GreenTree Pasadena Inn,3,353.9,0
Pasadena,GreenTree Pasadena Inn,3,353.9,0
Pasadena,GreenTree Pasadena Inn,3,353.9,0
Pasadena,GreenTree Pasadena Inn,2,323.9,0
Pasadena,GreenTree Pasadena Inn,3,353.9,0
Pasadena,Hilton Pasadena,2,136.2,0
Pasadena,Hilton Pasadena,3,166.2,0
Pasadena,Hilton Pasadena,3,166.2,0
Pasadena,Hilton Pasadena,2,136.2,0
Pasadena,Hilton Pasadena,3,166.2,0
Pasadena,Hilton Pasadena,3,166.2,0
Pasadena,Hilton Pasadena,3,166.2,0
Pasadena,Hilton Pasadena,2,136.2,0
Pasadena,Hilton Pasadena,2,136.2,0
Pasadena,Hilton Pasadena,2,136.2,0
Pasadena,Hyatt Place Pasadena,2,118.2,0
Pasadena,Hyatt Place Pasadena,1,88.2,0
Pasadena,Hyatt Place Pasadena,4,178.2,0
Pasadena,Hyatt Place Pasadena,3,148.2,0
Pasadena,Hyatt Place Pasadena,2,118.2,0
Pasadena,Hyatt Place Pasadena,3,148.2,0
Pasadena,Hyatt Place Pasadena,3,148.2,0
Pasadena,Hyatt Place Pasadena,2,118.2,0
Pasadena,Hyatt Place Pasadena,2,118.2,0
Pasadena,Hyatt Place Pasadena,3,148.2,0
Pasadena,Sheraton Pasadena Hotel,2,154.9,0
Pasadena,Sheraton Pasadena Hotel,2,154.9,0
Pasadena,Sheraton Pasadena Hotel,3,184.9,0
Pasadena,Sheraton Pasadena Hotel,3,184.9,0
Pasadena,Sheraton Pasadena Hotel,2,154.9,0
Pasadena,Sheraton Pasadena Hotel,2,154.9,0
Pasadena,Sheraton Pasadena Hotel,2,154.9,0
Pasadena,Sheraton Pasadena Hotel,3,184.9,0
Pasadena,Sheraton Pasadena Hotel,3,184.9,0
Pasadena,Sheraton Pasadena Hotel,2,154.9,0
Seattle,Lotte Hotel Seattle,2,544.9,0
Seattle,Lotte Hotel Seattle,3,574.9,0
Seattle,Lotte Hotel Seattle,3,574.9,0
Seattle,Lotte Hotel Seattle,2,544.9,0
Seattle,Lotte Hotel Seattle,2,544.9,0
Seattle,Lotte Hotel Seattle,2,544.9,0
Seattle,Lotte Hotel Seattle,2,544.9,0
Seattle,Lotte Hotel Seattle,2,544.9,0
Seattle,Lotte Hotel Seattle,2,544.9,0
Seattle,Lotte Hotel Seattle,2,544.9,0
Seattle,Grand Hyatt Seattle,2,535.4,0
Seattle,Grand Hyatt Seattle,2,535.4,0
Seattle,Grand Hyatt Seattle,3,565.4,0
Seattle,Grand Hyatt Seattle,3,565.4,0
Seattle,Grand Hyatt Seattle,2,535.4,0
Seattle,Grand Hyatt Seattle,2,535.4,0
Seattle,Grand Hyatt Seattle,2,535.4,0
Seattle,Grand Hyatt Seattle,2,535.4,0
Seattle,Grand Hyatt Seattle,2,535.4,0
Seattle,Grand Hyatt Seattle,2,535.4,0
Seattle,Hotel Theodore,2,327.2,0
Seattle,Hotel Theodore,2,327.2,0
Seattle,Hotel Theodore,2,327.2,0
Seattle,Hotel Theodore,2,327.2,0
Seattle,Hotel Theodore,2,327.2,0
Seattle,Hotel Theodore,3,357.2,0
Seattle,Hotel Theodore,3,357.2,0
Seattle,Hotel Theodore,2,327.2,0
Seattle,Hotel Theodore,2,327.2,0
Seattle,Hotel Theodore,3,357.2,0
Seattle,Warwick Seattle,2,351.9,0
Seattle,Warwick Seattle,3,381.9,0
Seattle,Warwick Seattle,2,351.9,0
Seattle,Warwick Seattle,2,351.9,0
Seattle,Warwick Seattle,2,351.9,0
Seattle,Warwick Seattle,3,381.9,0
Seattle,Warwick Seattle,2,351.9,0
Seattle,Warwick Seattle,3,381.9,0
Seattle,Warwick Seattle,2,351.9,0
Seattle,Warwick Seattle,2,351.9,0
Seattle,Hotel Max,3,179.2,0
Seattle,Hotel Max,2,149.2,0
Seattle,Hotel Max,2,149.2,0
Seattle,Hotel Max,3,179.2,0
Seattle,Hotel Max,3,179.2,0
Seattle,Hotel Max,3,179.2,0
Seattle,Hotel Max,3,179.2,0
Seattle,Hotel Max,2,149.2,0
Seattle,Hotel Max,3,179.2,0
Seattle,Hotel Max,3,179.2,0
Seattle,Belltown Inn,4,204.4,0
Seattle,Belltown Inn,2,144.4,0
Seattle,Belltown Inn,2,144.4,0
Seattle,Belltown Inn,2,144.4,0
Seattle,Belltown Inn,3,174.4,0
Seattle,Belltown Inn,2,144.4,0
Seattle,Belltown Inn,2,144.4,0
Seattle,Belltown Inn,2,144.4,0
Seattle,Belltown Inn,3,174.4,0
Seattle,Belltown Inn,3,174.4,0
Sacramento,Hyatt Regency Sacramento,2,316.8,0
Sacramento,Hyatt Regency Sacramento,2,316.8,0
Sacramento,Hyatt Regency Sacramento,3,346.8,0
Sacramento,Hyatt Regency Sacramento,3,346.8,0
Sacramento,Hyatt Regency Sacramento,3,346.8,0
Sacramento,Hyatt Regency Sacramento,2,316.8,0
Sacramento,Hyatt Regency Sacramento,3,346.8,0
Sacramento,Hyatt Regency Sacramento,3,346.8,0
Sacramento,Hyatt Regency Sacramento,2,316.8,0
Sacramento,Hyatt Regency Sacramento,3,346.8,0
Sacramento,The Exchange Sacramento,2,323.5,0
Sacramento,The Exchange Sacramento,2,323.5,0
Sacramento,The Exchange Sacramento,3,353.5,0
Sacramento,The Exchange Sacramento,4,383.5,0
Sacramento,The Exchange Sacramento,3,353.5,0
Sacramento,The Exchange Sacramento,2,323.5,0
Sacramento,The Exchange Sacramento,2,323.5,0
Sacramento,The Exchange Sacramento,2,323.5,0
Sacramento,The Exchange Sacramento,2,323.5,0
Sacramento,The Exchange Sacramento,3,353.5,0
Sacramento,Kimpton Sawyer Hotel,3,351.3,0
Sacramento,Kimpton Sawyer Hotel,2,321.3,0
Sacramento,Kimpton Sawyer Hotel,3,351.3,0
Sacramento,Kimpton Sawyer Hotel,4,381.3,0
Sacramento,Kimpton Sawyer Hotel,3,351.3,0
Sacramento,Kimpton Sawyer Hotel,2,321.3,0
Sacramento,Kimpton Sawyer Hotel,3,351.3,0
Sacramento,Kimpton Sawyer Hotel,2,321.3,0
Sacramento,Kimpton Sawyer Hotel,3,351.3,0
Sacramento,Kimpton Sawyer Hotel,3,351.3,0
Sacramento,Delta King Hotel,2,140.5,0
Sacramento,Delta King Hotel,3,170.5,0
Sacramento,Delta King Hotel,4,200.5,0
Sacramento,Delta King Hotel,4,200.5,0
Sacramento,Delta King Hotel,3,170.5,0
Sacramento,Delta King Hotel,3,170.5,0
Sacramento,Delta King Hotel,2,140.5,0
Sacramento,Delta King Hotel,2,140.5,0
Sacramento,Delta King Hotel,2,140.5,0
Sacramento,Delta King Hotel,3,170.5,0
Sacramento,Lions Gate Hotel,3,164.9,0
Sacramento,Lions Gate Hotel,2,134.9,0
Sacramento,Lions Gate Hotel,1,104.9,0
Sacramento,Lions Gate Hotel,2,134.9,0
Sacramento,Lions Gate Hotel,2,134.9,0
Sacramento,Lions Gate Hotel,2,134.9,0
Sacramento,Lions Gate Hotel,2,134.9,0
Sacramento,Lions Gate Hotel,3,164.9,0
Sacramento,Lions Gate Hotel,2,134.9,0
Sacramento,Lions Gate Hotel,3,164.9,0
Sacramento,Hilton Sacramento Arden West,2,154.8,0
Sacramento,Hilton Sacramento Arden West,2,154.8,0
Sacramento,Hilton Sacramento Arden West,3,184.8,0
Sacramento,Hilton Sacramento Arden West,3,184.8,0
Sacramento,Hilton Sacramento Arden West,3,184.8,0
Sacramento,Hilton Sacramento Arden West,3,184.8,0
Sacramento,Hilton Sacramento Arden West,2,154.8,0
Sacramento,Hilton Sacramento Arden West,2,154.8,0
Sacramento,Hilton Sacramento Arden West,2,154.8,0
Sacramento,Hilton Sacramento Arden West,2,154.8,0
Dallas,HALL Arts Hotel,2,532.7,0
Dallas,HALL Arts Hotel,3,562.7,0
Dallas,HALL Arts Hotel,3,562.7,0
Dallas,HALL Arts Hotel,2,532.7,0
Dallas,HALL Arts Hotel,3,562.7,0
Dallas,HALL Arts Hotel,3,562.7,0
Dallas,HALL Arts Hotel,3,562.7,0
Dallas,HALL Arts Hotel,2,532.7,0
Dallas,HALL Arts Hotel,3,562.7,0
Dallas,HALL Arts Hotel,2,532.7,0
Dallas,The Adolphus,2,546.1,0
Dallas,The Adolphus,3,576.1,0
Dallas,The Adolphus,2,546.1,0
Dallas,The Adolphus,3,576.1,0
Dallas,The Adolphus,2,546.1,0
Dallas,The Adolphus,3,576.1,0
Dallas,The Adolphus,2,546.1,0
Dallas,The Adolphus,2,546.1,0
Dallas,The Adolphus,3,576.1,0
Dallas,The Adolphus,2,546.1,0
Dallas,Kimpton - Pittman Hotel,2,321.2,0
Dallas,Kimpton - Pittman Hotel,2,321.2,0
Dallas,Kimpton - Pittman Hotel,2,321.2,0
Dallas,Kimpton - Pittman Hotel,2,321.2,0
Dallas,Kimpton - Pittman Hotel,2,321.2,0
Dallas,Kimpton - Pittman Hotel,2,321.2,0
Dallas,Kimpton - Pittman Hotel,2,321.2,0
Dallas,Kimpton - Pittman Hotel,3,351.2,0
Dallas,Kimpton - Pittman Hotel,3,351.2,0
Dallas,Kimpton - Pittman Hotel,2,321.2,0
Dallas,Hyatt Regency Dallas,2,322.5,0
Dallas,Hyatt Regency Dallas,3,352.5,0
Dallas,Hyatt Regency Dallas,3,352.5,0
Dallas,Hyatt Regency Dallas,3,352.5,0
Dallas,Hyatt Regency Dallas,2,322.5,0
Dallas,Hyatt Regency Dallas,2,322.5,0
Dallas,Hyatt Regency Dallas,3,352.5,0
Dallas,Hyatt Regency Dallas,3,352.5,0
Dallas,Hyatt Regency Dallas,3,352.5,0
Dallas,Hyatt Regency Dallas,3,352.5,0
Dallas,The Beeman Hotel,3,156.6,0
Dallas,The Beeman Hotel,3,156.6,0
Dallas,The Beeman Hotel,2,126.6,0
Dallas,The Beeman Hotel,3,156.6,0
Dallas,The Beeman Hotel,3,156.6,0
Dallas,The Beeman Hotel,3,156.6,0
Dallas,The Beeman Hotel,3,156.6,0
Dallas,The Beeman Hotel,3,156.6,0
Dallas,The Beeman Hotel,1,96.6,0
Dallas,The Beeman Hotel,2,126.6,0
Dallas,Hotel Indigo Dallas Downtown,3,159.0,0
Dallas,Hotel Indigo Dallas Downtown,2,129.0,0
Dallas,Hotel Indigo Dallas Downtown,3,159.0,0
Dallas,Hotel Indigo Dallas Downtown,3,159.0,0
Dallas,Hotel Indigo Dallas Downtown,2,129.0,0
Dallas,Hotel Indigo Dallas Downtown,3,159.0,0
Dallas,Hotel Indigo Dallas Downtown,2,129.0,0
Dallas,Hotel Indigo Dallas Downtown,3,159.0,0
Dallas,Hotel Indigo Dallas Downtown,2,129.0,0
Dallas,Hotel Indigo Dallas Downtown,2,129.0,0
Saint Louis,Four Seasons St. Louis,2,540.2,0
Saint Louis,Four Seasons St. Louis,3,570.2,0
Saint Louis,Four Seasons St. Louis,3,570.2,0
Saint Louis,Four Seasons St. Louis,2,540.2,0
Saint Louis,Four Seasons St. Louis,2,540.2,0
Saint Louis,Four Seasons St. Louis,3,570.2,0
Saint Louis,Four Seasons St. Louis,2,540.2,0
Saint Louis,Four Seasons St. Louis,2,540.2,0
Saint Louis,Four Seasons St. Louis,2,540.2,0
Saint Louis,Four Seasons St. Louis,2,540.2,0
Saint Louis,Angad Arts Hotel,3,560.5,0
Saint Louis,Angad Arts Hotel,2,530.5,0
Saint Louis,Angad Arts Hotel,3,560.5,0
Saint Louis,Angad Arts Hotel,3,560.5,0
Saint Louis,Angad Arts Hotel,2,530.5,0
Saint Louis,Angad Arts Hotel,3,560.5,0
Saint Louis,Angad Arts Hotel,2,530.5,0
Saint Louis,Angad Arts Hotel,2,530.5,0
Saint Louis,Angad Arts Hotel,2,530.5,0
Saint Louis,Angad Arts Hotel,3,560.5,0
Saint Louis,The Last Hotel,2,336.9,0
Saint Louis,The Last Hotel,3,366.9,0
Saint Louis,The Last Hotel,2,336.9,0
Saint Louis,The Last Hotel,3,366.9,0
Saint Louis,The Last Hotel,3,366.9,0
Saint Louis,The Last Hotel,3,366.9,0
Saint Louis,The Last Hotel,3,366.9,0
Saint Louis,The Last Hotel,3,366.9,0
Saint Louis,The Last Hotel,3,366.9,0
Saint Louis,The Last Hotel,3,366.9,0
Saint Louis,The Moonrise Hotel,2,321.6,0
Saint Louis,The Moonrise Hotel,2,321.6,0
Saint Louis,The Moonrise Hotel,2,321.6,0
Saint Louis,The Moonrise Hotel,1,291.6,0
Saint Louis,The Moonrise Hotel,2,321.6,0
Saint Louis,The Moonrise Hotel,2,321.6,0
Saint Louis,The Moonrise Hotel,3,351.6,0
Saint Louis,The Moonrise Hotel,2,321.6,0
Saint Louis,The Moonrise Hotel,3,351.6,0
Saint Louis,The Moonrise Hotel,2,321.6,0
Saint Louis,Marriott St. Louis Grand,2,331.7,0
Saint Louis,Marriott St. Louis Grand,2,331.7,0
Saint Louis,Marriott St. Louis Grand,2,331.7,0
Saint Louis,Marriott St. Louis Grand,2,331.7,0
Saint Louis,Marriott St. Louis Grand,3,361.7,0
Saint Louis,Marriott St. Louis Grand,2,331.7,0
Saint Louis,Marriott St. Louis Grand,3,361.7,0
Saint Louis,Marriott St. Louis Grand,2,331.7,0
Saint Louis,Marriott St. Louis Grand,2,331.7,0
Saint Louis,Marriott St. Louis Grand,3,361.7,0
Saint Louis,Element St. Louis Midtown,3,148.4,0
Saint Louis,Element St. Louis Midtown,3,148.4,0
Saint Louis,Element St. Louis Midtown,3,148.4,0
Saint Louis,Element St. Louis Midtown,4,178.4,0
Saint Louis,Element St. Louis Midtown,3,148.4,0
Saint Louis,Element St. Louis Midtown,2,118.4,0
Saint Louis,Element St. Louis Midtown,3,148.4,0
Saint Louis,Element St. Louis Midtown,3,148.4,0
Saint Louis,Element St. Louis Midtown,3,148.4,0
Saint Louis,Element St. Louis Midtown,2,118.4,0
San Jose,Signia by Hilton,2,525.2,0
San Jose,Signia by Hilton,3,555.2,0
San Jose,Signia by Hilton,2,525.2,0
San Jose,Signia by Hilton,3,555.2,0
San Jose,Signia by Hilton,2,525.2,0
San Jose,Signia by Hilton,3,555.2,0
San Jose,Signia by Hilton,3,555.2,0
San Jose,Signia by Hilton,3,555.2,0
San Jose,Signia by Hilton,3,555.2,0
San Jose,Signia by Hilton,2,525.2,0
San Jose,The Ameswell Hotel,2,540.5,0
San Jose,The Ameswell Hotel,2,540.5,0
San Jose,The Ameswell Hotel,3,570.5,0
San Jose,The Ameswell Hotel,3,570.5,0
San Jose,The Ameswell Hotel,3,570.5,0
San Jose,The Ameswell Hotel,2,540.5,0
San Jose,The Ameswell Hotel,4,600.5,0
San Jose,The Ameswell Hotel,2,540.5,0
San Jose,The Ameswell Hotel,2,540.5,0
San Jose,The Ameswell Hotel,2,540.5,0
San Jose,San Jose Marriott,3,342.4,0
San Jose,San Jose Marriott,2,312.4,0
San Jose,San Jose Marriott,2,312.4,0
San Jose,San Jose Marriott,2,312.4,0
San Jose,San Jose Marriott,3,342.4,0
San Jose,San Jose Marriott,3,342.4,0
San Jose,San Jose Marriott,4,372.4,0
San Jose,San Jose Marriott,3,342.4,0
San Jose,San Jose Marriott,3,342.4,0
San Jose,San Jose Marriott,3,342.4,0
San Jose,Aloft San Jose Cupertino,4,408.8,0
San Jose,Aloft San Jose Cupertino,3,378.8,0
San Jose,Aloft San Jose Cupertino,3,378.8,0
San Jose,Aloft San Jose Cupertino,2,348.8,0
San Jose,Aloft San Jose Cupertino,2,348.8,0
San Jose,Aloft San Jose Cupertino,3,378.8,0
San Jose,Aloft San Jose Cupertino,2,348.8,0
San Jose,Aloft San Jose Cupertino,3,378.8,0
San Jose,Aloft San Jose Cupertino,3,378.8,0
San Jose,Aloft San Jose Cupertino,2,348.8,0
San Jose,Arena Hotel,2,135.7,0
San Jose,Arena Hotel,2,135.7,0
San Jose,Arena Hotel,3,165.7,0
San Jose,Arena Hotel,2,135.7,0
San Jose,Arena Hotel,2,135.7,0
San Jose,Arena Hotel,2,135.7,0
San Jose,Arena Hotel,3,165.7,0
San Jose,Arena Hotel,2,135.7,0
San Jose,Arena Hotel,2,135.7,0
San Jose,Arena Hotel,2,135.7,0
San Jose,Wyndham Garden Silicon Valley,2,145.1,0
San Jose,Wyndham Garden Silicon Valley,2,145.1,0
San Jose,Wyndham Garden Silicon Valley,3,175.1,0
San Jose,Wyndham Garden Silicon Valley,3,175.1,0
San Jose,Wyndham Garden Silicon Valley,2,145.1,0
San Jose,Wyndham Garden Silicon Valley,2,145.1,0
San Jose,Wyndham Garden Silicon Valley,3,175.1,0
San Jose,Wyndham Garden Silicon Valley,2,145.1,0
San Jose,Wyndham Garden Silicon Valley,3,175.1,0
San Jose,Wyndham Garden Silicon Valley,1,115.1,0
Portland,Sentinel,2,543.3,0
Portland,Sentinel,3,573.3,0
Portland,Sentinel,2,543.3,0
Portland,Sentinel,2,543.3,0
Portland,Sentinel,3,573.3,0
Portland,Sentinel,2,543.3,0
Portland,Sentinel,3,573.3,0
Portland,Sentinel,3,573.3,0
Portland,Sentinel,2,543.3,0
Portland,Sentinel,2,543.3,0
Portland,The Nines,2,543.7,0
Portland,The Nines,2,543.7,0
Portland,The Nines,3,573.7,0
Portland,The Nines,2,543.7,0
Portland,The Nines,2,543.7,0
Portland,The Nines,3,573.7,0
Portland,The Nines,3,573.7,0
Portland,The Nines,3,573.7,0
Portland,The Nines,3,573.7,0
Portland,The Nines,2,543.7,0
Portland,Dossier,2,330.6,0
Portland,Dossier,2,330.6,0
Portland,Dossier,2,330.6,0
Portland,Dossier,2,330.6,0
Portland,Dossier,2,330.6,0
Portland,Dossier,2,330.6,0
Portland,Dossier,2,330.6,0
Portland,Dossier,3,360.6,0
Portland,Dossier,3,360.6,0
Portland,Dossier,2,330.6,0
Portland,The Heathman Hotel,2,328.4,0
Portland,The Heathman Hotel,3,358.4,0
Portland,The Heathman Hotel,3,358.4,0
Portland,The Heathman Hotel,3,358.4,0
Portland,The Heathman Hotel,3,358.4,0
Portland,The Heathman Hotel,2,328.4,0
Portland,The Heathman Hotel,4,388.4,0
Portland,The Heathman Hotel,3,358.4,0
Portland,The Heathman Hotel,2,328.4,0
Portland,The Heathman Hotel,3,358.4,0
Portland,The Society Hotel,3,157.3,0
Portland,The Society Hotel,2,127.3,0
Portland,The Society Hotel,2,127.3,0
Portland,The Society Hotel,2,127.3,0
Portland,The Society Hotel,2,127.3,0
Portland,The Society Hotel,3,157.3,0
Portland,The Society Hotel,2,127.3,0
Portland,The Society Hotel,2,127.3,0
Portland,The Society Hotel,3,157.3,0
Portland,The Society Hotel,2,127.3,0
Portland,The Mark Spencer Hotel,3,152.6,0
Portland,The Mark Spencer Hotel,2,122.6,0
Portland,The Mark Spencer Hotel,2,122.6,0
Portland,The Mark Spencer Hotel,3,152.6,0
Portland,The Mark Spencer Hotel,3,152.6,0
Portland,The Mark Spencer Hotel,3,152.6,0
Portland,The Mark Spencer Hotel,3,152.6,0
Portland,The Mark Spencer Hotel,3,152.6,0
Portland,The Mark Spencer Hotel,2,122.6,0
Portland,The Mark Spencer Hotel,3,152.6,0
Oklahoma,Sheraton Oklahoma City Downtown Hotel,3,348.6,0
Oklahoma,Sheraton Oklahoma City Downtown Hotel,2,318.6,0
Oklahoma,Sheraton Oklahoma City Downtown Hotel,2,318.6,0
Oklahoma,Sheraton Oklahoma City Downtown Hotel,3,348.6,0
Oklahoma,Sheraton Oklahoma City Downtown Hotel,2,318.6,0
Oklahoma,Sheraton Oklahoma City Downtown Hotel,3,348.6,0
Oklahoma,Sheraton Oklahoma City Downtown Hotel,2,318.6,0
Oklahoma,Sheraton Oklahoma City Downtown Hotel,2,318.6,0
Oklahoma,Sheraton Oklahoma City Downtown Hotel,3,348.6,0
Oklahoma,Sheraton Oklahoma City Downtown Hotel,2,318.6,0
Oklahoma,Omni Oklahoma City Hotel,1,297.8,0
Oklahoma,Omni Oklahoma City Hotel,2,327.8,0
Oklahoma,Omni Oklahoma City Hotel,2,327.8,0
Oklahoma,Omni Oklahoma City Hotel,2,327.8,0
Oklahoma,Omni Oklahoma City Hotel,2,327.8,0
Oklahoma,Omni Oklahoma City Hotel,2,327.8,0
Oklahoma,Omni Oklahoma City Hotel,2,327.8,0
Oklahoma,Omni Oklahoma City Hotel,3,357.8,0
Oklahoma,Omni Oklahoma City Hotel,3,357.8,0
Oklahoma,Omni Oklahoma City Hotel,3,357.8,0
Oklahoma,Hyatt Place Oklahoma City Bricktown,2,139.2,0
Oklahoma,Hyatt Place Oklahoma City Bricktown,3,169.2,0
Oklahoma,Hyatt Place Oklahoma City Bricktown,3,169.2,0
Oklahoma,Hyatt Place Oklahoma City Bricktown,2,139.2,0
Oklahoma,Hyatt Place Oklahoma City Bricktown,2,139.2,0
Oklahoma,Hyatt Place Oklahoma City Bricktown,3,169.2,0
Oklahoma,Hyatt Place Oklahoma City Bricktown,3,169.2,0
Oklahoma,Hyatt Place Oklahoma City Bricktown,2,139.2,0
Oklahoma,Hyatt Place Oklahoma City Bricktown,2,139.2,0
Oklahoma,Hyatt Place Oklahoma City Bricktown,2,139.2,0
Oklahoma,District Hotel Oklahoma City,3,150.5,0
Oklahoma,District Hotel Oklahoma City,3,150.5,0
Oklahoma,District Hotel Oklahoma City,3,150.5,0
Oklahoma,District Hotel Oklahoma City,2,120.5,0
Oklahoma,District Hotel Oklahoma City,2,120.5,0
Oklahoma,District Hotel Oklahoma City,3,150.5,0
Oklahoma,District Hotel Oklahoma City,4,180.5,0
Oklahoma,District Hotel Oklahoma City,3,150.5,0
Oklahoma,District Hotel Oklahoma City,3,150.5,0
Oklahoma,District Hotel Oklahoma City,3,150.5,0
Oklahoma,Hyatt Place OKC,3,180.8,0
Oklahoma,Hyatt Place OKC,3,180.8,0
Oklahoma,Hyatt Place OKC,2,150.8,0
Oklahoma,Hyatt Place OKC,2,150.8,0
Oklahoma,Hyatt Place OKC,1,120.8,0
Oklahoma,Hyatt Place OKC,3,180.8,0
Oklahoma,Hyatt Place OKC,3,180.8,0
Oklahoma,Hyatt Place OKC,2,150.8,0
Oklahoma,Hyatt Place OKC,2,150.8,0
Oklahoma,Hyatt Place OKC,2,150.8,0
Oklahoma,The Douillet,3,178.8,0
Oklahoma,The Douillet,2,148.8,0
Oklahoma,The Douillet,2,148.8,0
Oklahoma,The Douillet,2,148.8,0
Oklahoma,The Douillet,2,148.8,0
Oklahoma,The Douillet,3,178.8,0
Oklahoma,The Douillet,3,178.8,0
Oklahoma,The Douillet,3,178.8,0
Oklahoma,The Douillet,2,148.8,0
Oklahoma,The Douillet,2,148.8,0
Pittsburgh,Wyndham Grand Pittsburgh,2,337.3,0
Pittsburgh,Wyndham Grand Pittsburgh,2,337.3,0
Pittsburgh,Wyndham Grand Pittsburgh,3,367.3,0
Pittsburgh,Wyndham Grand Pittsburgh,3,367.3,0
Pittsburgh,Wyndham Grand Pittsburgh,3,367.3,0
Pittsburgh,Wyndham Grand Pittsburgh,2,337.3,0
Pittsburgh,Wyndham Grand Pittsburgh,2,337.3,0
Pittsburgh,Wyndham Grand Pittsburgh,3,367.3,0
Pittsburgh,Wyndham Grand Pittsburgh,3,367.3,0
Pittsburgh,Wyndham Grand Pittsburgh,2,337.3,0
Pittsburgh,Cambria Hotel Pittsburgh,3,363.5,0
Pittsburgh,Cambria Hotel Pittsburgh,3,363.5,0
Pittsburgh,Cambria Hotel Pittsburgh,2,333.5,0
Pittsburgh,Cambria Hotel Pittsburgh,2,333.5,0
Pittsburgh,Cambria Hotel Pittsburgh,2,333.5,0
Pittsburgh,Cambria Hotel Pittsburgh,3,363.5,0
Pittsburgh,Cambria Hotel Pittsburgh,3,363.5,0
Pittsburgh,Cambria Hotel Pittsburgh,3,363.5,0
Pittsburgh,Cambria Hotel Pittsburgh,2,333.5,0
Pittsburgh,Cambria Hotel Pittsburgh,2,333.5,0
Pittsburgh,Renaissance Pittsburgh Hotel,2,323.6,0
Pittsburgh,Renaissance Pittsburgh Hotel,2,323.6,0
Pittsburgh,Renaissance Pittsburgh Hotel,3,353.6,0
Pittsburgh,Renaissance Pittsburgh Hotel,3,353.6,0
Pittsburgh,Renaissance Pittsburgh Hotel,2,323.6,0
Pittsburgh,Renaissance Pittsburgh Hotel,2,323.6,0
Pittsburgh,Renaissance Pittsburgh Hotel,3,353.6,0
Pittsburgh,Renaissance Pittsburgh Hotel,2,323.6,0
Pittsburgh,Renaissance Pittsburgh Hotel,2,323.6,0
Pittsburgh,Renaissance Pittsburgh Hotel,3,353.6,0
Pittsburgh,Hotel Indigo Pittsburgh University,2,121.3,0
Pittsburgh,Hotel Indigo Pittsburgh University,2,121.3,0
Pittsburgh,Hotel Indigo Pittsburgh University,3,151.3,0
Pittsburgh,Hotel Indigo Pittsburgh University,3,151.3,0
Pittsburgh,Hotel Indigo Pittsburgh University,3,151.3,0
Pittsburgh,Hotel Indigo Pittsburgh University,3,151.3,0
Pittsburgh,Hotel Indigo Pittsburgh University,2,121.3,0
Pittsburgh,Hotel Indigo Pittsburgh University,2,121.3,0
Pittsburgh,Hotel Indigo Pittsburgh University,3,151.3,0
Pittsburgh,Hotel Indigo Pittsburgh University,2,121.3,0
Pittsburgh,Sheraton Pittsburgh Hotel,3,168.6,0
Pittsburgh,Sheraton Pittsburgh Hotel,3,168.6,0
Pittsburgh,Sheraton Pittsburgh Hotel,3,168.6,0
Pittsburgh,Sheraton Pittsburgh Hotel,2,138.6,0
Pittsburgh,Sheraton Pittsburgh Hotel,3,168.6,0
Pittsburgh,Sheraton Pittsburgh Hotel,2,138.6,0
Pittsburgh,Sheraton Pittsburgh Hotel,1,108.6,0
Pittsburgh,Sheraton Pittsburgh Hotel,2,138.6,0
Pittsburgh,Sheraton Pittsburgh Hotel,3,168.6,0
Pittsburgh,Sheraton Pittsburgh Hotel,2,138.6,0
Pittsburgh,Distrikt Hotel Pittsburgh,2,120.4,0
Pittsburgh,Distrikt Hotel Pittsburgh,2,120.4,0
Pittsburgh,Distrikt Hotel Pittsburgh,3,150.4,0
Pittsburgh,Distrikt Hotel Pittsburgh,3,150.4,0
Pittsburgh,Distrikt Hotel Pittsburgh,3,150.4,0
Pittsburgh,Distrikt Hotel Pittsburgh,3,150.4,0
Pittsburgh,Distrikt Hotel Pittsburgh,3,150.4,0
Pittsburgh,Distrikt Hotel Pittsburgh,3,150.4,0
Pittsburgh,Distrikt Hotel Pittsburgh,3,150.4,0
Pittsburgh,Distrikt Hotel Pittsburgh,3,150.4,0
New York City,Park Lane New York,3,554.7,0
New York City,Park Lane New York,2,524.7,0
New York City,Park Lane New York,3,554.7,0
New York City,Park Lane New York,3,554.7,0
New York City,Park Lane New York,2,524.7,0
New York City,Park Lane New York,2,524.7,0
New York City,Park Lane New York,3,554.7,0
New York City,Park Lane New York,3,554.7,0
New York City,Park Lane New York,2,524.7,0
New York City,Park Lane New York,2,524.7,0
New York City,11 Howard,3,556.3,0
New York City,11 Howard,3,556.3,0
New York City,11 Howard,2,526.3,0
New York City,11 Howard,3,556.3,0
New York City,11 Howard,3,556.3,0
New York City,11 Howard,2,526.3,0
New York City,11 Howard,3,556.3,0
New York City,11 Howard,2,526.3,0
New York City,11 Howard,1,496.3,0
New York City,11 Howard,3,556.3,0
New York City,The Frederick Hotel Tribeca,3,568.4,0
New York City,The Frederick Hotel Tribeca,3,568.4,0
New York City,The Frederick Hotel Tribeca,3,568.4,0
New York City,The Frederick Hotel Tribeca,3,568.4,0
New York City,The Frederick Hotel Tribeca,2,538.4,0
New York City,The Frederick Hotel Tribeca,2,538.4,0
New York City,The Frederick Hotel Tribeca,3,568.4,0
New York City,The Frederick Hotel Tribeca,2,538.4,0
New York City,The Frederick Hotel Tribeca,3,568.4,0
New York City,The Frederick Hotel Tribeca,3,568.4,0
New York City,Empire Hotel,2,318.0,0
New York City,Empire Hotel,2,318.0,0
New York City,Empire Hotel,2,318.0,0
New York City,Empire Hotel,3,348.0,0
New York City,Empire Hotel,3,348.0,0
New York City,Empire Hotel,3,348.0,0
New York City,Empire Hotel,2,318.0,0
New York City,Empire Hotel,2,318.0,0
New York City,Empire Hotel,2,318.0,0
New York City,Empire Hotel,3,348.0,0
New York City,Hotel Belleclaire Central Park,2,298.3,0
New York City,Hotel Belleclaire Central Park,3,328.3,0
New York City,Hotel Belleclaire Central Park,2,298.3,0
New York City,Hotel Belleclaire Central Park,2,298.3,0
New York City,Hotel Belleclaire Central Park,2,298.3,0
New York City,Hotel Belleclaire Central Park,3,328.3,0
New York City,Hotel Belleclaire Central Park,2,298.3,0
New York City,Hotel Belleclaire Central Park,2,298.3,0
New York City,Hotel Belleclaire Central Park,3,328.3,0
New York City,Hotel Belleclaire Central Park,2,298.3,0
New York City,West Side YMCA,3,144.3,0
New York City,West Side YMCA,2,114.3,0
New York City,West Side YMCA,2,114.3,0
New York City,West Side YMCA,3,144.3,0
New York City,West Side YMCA,1,84.3,0
New York City,West Side YMCA,3,144.3,0
New York City,West Side YMCA,3,144.3,0
New York City,West Side YMCA,3,144.3,0
New York City,West Side YMCA,3,144.3,0
New York City,West Side YMCA,3,144.3,0
San Diego,Pendry San Diego,1,507.9,0
San Diego,Pendry San Diego,2,537.9,0
San Diego,Pendry San Diego,3,567.9,0
San Diego,Pendry San Diego,3,567.9,0
San Diego,Pendry San Diego,3,567.9,0
San Diego,Pendry San Diego,3,567.9,0
San Diego,Pendry San Diego,2,537.9,0
San Diego,Pendry San Diego,3,567.9,0
San Diego,Pendry San Diego,3,567.9,0
San Diego,Pendry San Diego,3,567.9,0
San Diego,Andaz San Diego,3,559.4,0
San Diego,Andaz San Diego,1,499.4,0
San Diego,Andaz San Diego,3,559.4,0
San Diego,Andaz San Diego,1,499.4,0
San Diego,Andaz San Diego,2,529.4,0
San Diego,Andaz San Diego,3,559.4,0
San Diego,Andaz San Diego,2,529.4,0
San Diego,Andaz San Diego,2,529.4,0
San Diego,Andaz San Diego,2,529.4,0
San Diego,Andaz San Diego,3,559.4,0
San Diego,Hard Rock Hotel San Diego,3,352.3,0
San Diego,Hard Rock Hotel San Diego,3,352.3,0
San Diego,Hard Rock Hotel San Diego,3,352.3,0
San Diego,Hard Rock Hotel San Diego,4,382.3,0
San Diego,Hard Rock Hotel San Diego,2,322.3,0
San Diego,Hard Rock Hotel San Diego,3,352.3,0
San Diego,Hard Rock Hotel San Diego,3,352.3,0
San Diego,Hard Rock Hotel San Diego,3,352.3,0
San Diego,Hard Rock Hotel San Diego,2,322.3,0
San Diego,Hard Rock Hotel San Diego,3,352.3,0
San Diego,Horton Grand Hotel,3,365.9,0
San Diego,Horton Grand Hotel,2,335.9,0
San Diego,Horton Grand Hotel,2,335.9,0
San Diego,Horton Grand Hotel,2,335.9,0
San Diego,Horton Grand Hotel,3,365.9,0
San Diego,Horton Grand Hotel,2,335.9,0
San Diego,Horton Grand Hotel,3,365.9,0
San Diego,Horton Grand Hotel,3,365.9,0
San Diego,Horton Grand Hotel,1,305.9,0
San Diego,Horton Grand Hotel,2,335.9,0
San Diego,Kings Inn,2,137.8,0
San Diego,Kings Inn,2,137.8,0
San Diego,Kings Inn,3,167.8,0
San Diego,Kings Inn,3,167.8,0
San Diego,Kings Inn,2,137.8,0
San Diego,Kings Inn,3,167.8,0
San Diego,Kings Inn,3,167.8,0
San Diego,Kings Inn,1,107.8,0
San Diego,Kings Inn,3,167.8,0
San Diego,Kings Inn,3,167.8,0
San Diego,Porto Vista Hotel,2,137.5,0
San Diego,Porto Vista Hotel,3,167.5,0
San Diego,Porto Vista Hotel,2,137.5,0
San Diego,Porto Vista Hotel,2,137.5,0
San Diego,Porto Vista Hotel,2,137.5,0
San Diego,Porto Vista Hotel,2,137.5,0
San Diego,Porto Vista Hotel,2,137.5,0
San Diego,Porto Vista Hotel,3,167.5,0
San Diego,Porto Vista Hotel,3,167.5,0
San Diego,Porto Vista Hotel,3,167.5,0
Kansas City,The Fontaine,3,345.4,0
Kansas City,The Fontaine,3,345.4,0
Kansas City,The Fontaine,2,315.4,0
Kansas City,The Fontaine,3,345.4,0
Kansas City,The Fontaine,3,345.4,0
Kansas City,The Fontaine,3,345.4,0
Kansas City,The Fontaine,4,375.4,0
Kansas City,The Fontaine,1,285.4,0
Kansas City,The Fontaine,3,345.4,0
Kansas City,The Fontaine,3,345.4,0
Kansas City,Loews Kansas City,3,374.4,0
Kansas City,Loews Kansas City,3,374.4,0
Kansas City,Loews Kansas City,2,344.4,0
Kansas City,Loews Kansas City,3,374.4,0
Kansas City,Loews Kansas City,3,374.4,0
Kansas City,Loews Kansas City,3,374.4,0
Kansas City,Loews Kansas City,3,374.4,0
Kansas City,Loews Kansas City,2,344.4,0
Kansas City,Loews Kansas City,2,344.4,0
Kansas City,Loews Kansas City,3,374.4,0
Kansas City,AC Hotel Kansas City Plaza,3,376.0,0
Kansas City,AC Hotel Kansas City Plaza,3,376.0,0
Kansas City,AC Hotel Kansas City Plaza,3,376.0,0
Kansas City,AC Hotel Kansas City Plaza,3,376.0,0
Kansas City,AC Hotel Kansas City Plaza,2,346.0,0
Kansas City,AC Hotel Kansas City Plaza,2,346.0,0
Kansas City,AC Hotel Kansas City Plaza,3,376.0,0
Kansas City,AC Hotel Kansas City Plaza,3,376.0,0
Kansas City,AC Hotel Kansas City Plaza,3,376.0,0
Kansas City,AC Hotel Kansas City Plaza,3,376.0,0
Kansas City,Hilton Kansas City Airport,3,157.5,0
Kansas City,Hilton Kansas City Airport,3,157.5,0
Kansas City,Hilton Kansas City Airport,2,127.5,0
Kansas City,Hilton Kansas City Airport,2,127.5,0
Kansas City,Hilton Kansas City Airport,4,187.5,0
Kansas City,Hilton Kansas City Airport,3,157.5,0
Kansas City,Hilton Kansas City Airport,2,127.5,0
Kansas City,Hilton Kansas City Airport,2,127.5,0
Kansas City,Hilton Kansas City Airport,2,127.5,0
Kansas City,Hilton Kansas City Airport,2,127.5,0
Kansas City,Aloft North Kansas City,3,159.7,0
Kansas City,Aloft North Kansas City,3,159.7,0
Kansas City,Aloft North Kansas City,3,159.7,0
Kansas City,Aloft North Kansas City,2,129.7,0
Kansas City,Aloft North Kansas City,3,159.7,0
Kansas City,Aloft North Kansas City,2,129.7,0
Kansas City,Aloft North Kansas City,3,159.7,0
Kansas City,Aloft North Kansas City,3,159.7,0
Kansas City,Aloft North Kansas City,3,159.7,0
Kansas City,Aloft North Kansas City,3,159.7,0
Kansas City,Kansas City Airport Marriott,3,171.1,0
Kansas City,Kansas City Airport Marriott,2,141.1,0
Kansas City,Kansas City Airport Marriott,3,171.1,0
Kansas City,Kansas City Airport Marriott,3,171.1,0
Kansas City,Kansas City Airport Marriott,3,171.1,0
Kansas City,Kansas City Airport Marriott,2,141.1,0
Kansas City,Kansas City Airport Marriott,2,141.1,0
Kansas City,Kansas City Airport Marriott,3,171.1,0
Kansas City,Kansas City Airport Marriott,3,171.1,0
Kansas City,Kansas City Airport Marriott,3,171.1,0
San Antonio,Home2 Suites By Hilton San Antonio,1,503.3,0
San Antonio,Home2 Suites By Hilton San Antonio,2,533.3,0
San Antonio,Home2 Suites By Hilton San Antonio,2,533.3,0
San Antonio,Home2 Suites By Hilton San Antonio,3,563.3,0
San Antonio,Home2 Suites By Hilton San Antonio,2,533.3,0
San Antonio,Home2 Suites By Hilton San Antonio,2,533.3,0
San Antonio,Home2 Suites By Hilton San Antonio,2,533.3,0
San Antonio,Home2 Suites By Hilton San Antonio,3,563.3,0
San Antonio,Home2 Suites By Hilton San Antonio,3,563.3,0
San Antonio,Home2 Suites By Hilton San Antonio,2,533.3,0
San Antonio,Thompson San Antonio Riverwalk,3,565.3,0
San Antonio,Thompson San Antonio Riverwalk,3,565.3,0
San Antonio,Thompson San Antonio Riverwalk,2,535.3,0
San Antonio,Thompson San Antonio Riverwalk,3,565.3,0
San Antonio,Thompson San Antonio Riverwalk,2,535.3,0
San Antonio,Thompson San Antonio Riverwalk,3,565.3,0
San Antonio,Thompson San Antonio Riverwalk,3,565.3,0
San Antonio,Thompson San Antonio Riverwalk,2,535.3,0
San Antonio,Thompson San Antonio Riverwalk,2,535.3,0
San Antonio,Thompson San Antonio Riverwalk,3,565.3,0
San Antonio,Hotel Havana,2,329.8,0
San Antonio,Hotel Havana,4,389.8,0
San Antonio,Hotel Havana,3,359.8,0
San Antonio,Hotel Havana,3,359.8,0
San Antonio,Hotel Havana,3,359.8,0
San Antonio,Hotel Havana,2,329.8,0
San Antonio,Hotel Havana,2,329.8,0
San Antonio,Hotel Havana,2,329.8,0
San Antonio,Hotel Havana,2,329.8,0
San Antonio,Hotel Havana,3,359.8,0
San Antonio,Menger Hotel,3,376.0,0
San Antonio,Menger Hotel,2,346.0,0
San Antonio,Menger Hotel,2,346.0,0
San Antonio,Menger Hotel,2,346.0,0
San Antonio,Menger Hotel,3,376.0,0
San Antonio,Menger Hotel,3,376.0,0
San Antonio,Menger Hotel,2,346.0,0
San Antonio,Menger Hotel,2,346.0,0
San Antonio,Menger Hotel,3,376.0,0
San Antonio,Menger Hotel,2,346.0,0
San Antonio,Drury Plaza Hotel,3,142.2,0
San Antonio,Drury Plaza Hotel,2,112.2,0
San Antonio,Drury Plaza Hotel,2,112.2,0
San Antonio,Drury Plaza Hotel,2,112.2,0
San Antonio,Drury Plaza Hotel,2,112.2,0
San Antonio,Drury Plaza Hotel,3,142.2,0
San Antonio,Drury Plaza Hotel,3,142.2,0
San Antonio,Drury Plaza Hotel,2,112.2,0
San Antonio,Drury Plaza Hotel,3,142.2,0
San Antonio,Drury Plaza Hotel,2,112.2,0
San Antonio,Best Western Plus Downtown North,3,171.3,0
San Antonio,Best Western Plus Downtown North,3,171.3,0
San Antonio,Best Western Plus Downtown North,2,141.3,0
San Antonio,Best Western Plus Downtown North,2,141.3,0
San Antonio,Best Western Plus Downtown North,2,141.3,0
San Antonio,Best Western Plus Downtown North,3,171.3,0
San Antonio,Best Western Plus Downtown North,2,141.3,0
San Antonio,Best Western Plus Downtown North,2,141.3,0
San Antonio,Best Western Plus Downtown North,3,171.3,0
San Antonio,Best Western Plus Downtown North,2,141.3,0
Memphis,Big Cypress Lodge,2,535.0,0
Memphis,Big Cypress Lodge,3,565.0,0
Memphis,Big Cypress Lodge,3,565.0,0
Memphis,Big Cypress Lodge,3,565.0,0
Memphis,Big Cypress Lodge,2,535.0,0
Memphis,Big Cypress Lodge,3,565.0,0
Memphis,Big Cypress Lodge,2,535.0,0
Memphis,Big Cypress Lodge,2,535.0,0
Memphis,Big Cypress Lodge,2,535.0,0
Memphis,Big Cypress Lodge,2,535.0,0
Memphis,River Inn of Harbor Town,2,535.7,0
Memphis,River Inn of Harbor Town,3,565.7,0
Memphis,River Inn of Harbor Town,3,565.7,0
Memphis,River Inn of Harbor Town,2,535.7,0
Memphis,River Inn of Harbor Town,3,565.7,0
Memphis,River Inn of Harbor Town,2,535.7,0
Memphis,River Inn of Harbor Town,3,565.7,0
Memphis,River Inn of Harbor Town,3,565.7,0
Memphis,River Inn of Harbor Town,2,535.7,0
Memphis,River Inn of Harbor Town,3,565.7,0
Memphis,ARRIVE Memphis,4,398.6,0
Memphis,ARRIVE Memphis,3,368.6,0
Memphis,ARRIVE Memphis,3,368.6,0
Memphis,ARRIVE Memphis,2,338.6,0
Memphis,ARRIVE Memphis,2,338.6,0
Memphis,ARRIVE Memphis,2,338.6,0
Memphis,ARRIVE Memphis,2,338.6,0
Memphis,ARRIVE Memphis,3,368.6,0
Memphis,ARRIVE Memphis,2,338.6,0
Memphis,ARRIVE Memphis,2,338.6,0
Memphis,Sheraton Memphis Downtown,3,351.2,0
Memphis,Sheraton Memphis Downtown,3,351.2,0
Memphis,Sheraton Memphis Downtown,2,321.2,0
Memphis,Sheraton Memphis Downtown,3,351.2,0
Memphis,Sheraton Memphis Downtown,2,321.2,0
Memphis,Sheraton Memphis Downtown,2,321.2,0
Memphis,Sheraton Memphis Downtown,2,321.2,0
Memphis,Sheraton Memphis Downtown,3,351.2,0
Memphis,Sheraton Memphis Downtown,2,321.2,0
Memphis,Sheraton Memphis Downtown,2,321.2,0
Memphis,Comfort Inn Memphis Downtown,2,128.6,0
Memphis,Comfort Inn Memphis Downtown,2,128.6,0
Memphis,Comfort Inn Memphis Downtown,2,128.6,0
Memphis,Comfort Inn Memphis Downtown,3,158.6,0
Memphis,Comfort Inn Memphis Downtown,4,188.6,0
Memphis,Comfort Inn Memphis Downtown,2,128.6,0
Memphis,Comfort Inn Memphis Downtown,2,128.6,0
Memphis,Comfort Inn Memphis Downtown,3,158.6,0
Memphis,Comfort Inn Memphis Downtown,3,158.6,0
Memphis,Comfort Inn Memphis Downtown,2,128.6,0
Memphis,DoubleTree by Hilton Memphis Downtown,3,164.4,0
Memphis,DoubleTree by Hilton Memphis Downtown,3,164.4,0
Memphis,DoubleTree by Hilton Memphis Downtown,3,164.4,0
Memphis,DoubleTree by Hilton Memphis Downtown,3,164.4,0
Memphis,DoubleTree by Hilton Memphis Downtown,3,164.4,0
Memphis,DoubleTree by Hilton Memphis Downtown,2,134.4,0
Memphis,DoubleTree by Hilton Memphis Downtown,2,134.4,0
Memphis,DoubleTree by Hilton Memphis Downtown,3,164.4,0
Memphis,DoubleTree by Hilton Memphis Downtown,2,134.4,0
Memphis,DoubleTree by Hilton Memphis Downtown,2,134.4,0
Milwaukee,Cambria Hotel Milwaukee Downtown,2,326.7,0
Milwaukee,Cambria Hotel Milwaukee Downtown,3,356.7,0
Milwaukee,Cambria Hotel Milwaukee Downtown,3,356.7,0
Milwaukee,Cambria Hotel Milwaukee Downtown,2,326.7,0
Milwaukee,Cambria Hotel Milwaukee Downtown,2,326.7,0
Milwaukee,Cambria Hotel Milwaukee Downtown,2,326.7,0
Milwaukee,Cambria Hotel Milwaukee Downtown,2,326.7,0
Milwaukee,Cambria Hotel Milwaukee Downtown,2,326.7,0
Milwaukee,Cambria Hotel Milwaukee Downtown,2,326.7,0
Milwaukee,Cambria Hotel Milwaukee Downtown,2,326.7,0
Milwaukee,The Pfister Hotel,2,344.2,0
Milwaukee,The Pfister Hotel,2,344.2,0
Milwaukee,The Pfister Hotel,1,314.2,0
Milwaukee,The Pfister Hotel,3,374.2,0
Milwaukee,The Pfister Hotel,3,374.2,0
Milwaukee,The Pfister Hotel,2,344.2,0
Milwaukee,The Pfister Hotel,2,344.2,0
Milwaukee,The Pfister Hotel,3,374.2,0
Milwaukee,The Pfister Hotel,3,374.2,0
Milwaukee,The Pfister Hotel,2,344.2,0
Milwaukee,Ambassador Hotel,2,339.5,0
Milwaukee,Ambassador Hotel,3,369.5,0
Milwaukee,Ambassador Hotel,2,339.5,0
Milwaukee,Ambassador Hotel,3,369.5,0
Milwaukee,Ambassador Hotel,3,369.5,0
Milwaukee,Ambassador Hotel,2,339.5,0
Milwaukee,Ambassador Hotel,3,369.5,0
Milwaukee,Ambassador Hotel,3,369.5,0
Milwaukee,Ambassador Hotel,3,369.5,0
Milwaukee,Ambassador Hotel,3,369.5,0
Milwaukee,The Iron Horse Hotel,3,355.6,0
Milwaukee,The Iron Horse Hotel,4,385.6,0
Milwaukee,The Iron Horse Hotel,3,355.6,0
Milwaukee,The Iron Horse Hotel,2,325.6,0
Milwaukee,The Iron Horse Hotel,3,355.6,0
Milwaukee,The Iron Horse Hotel,3,355.6,0
Milwaukee,The Iron Horse Hotel,2,325.6,0
Milwaukee,The Iron Horse Hotel,2,325.6,0
Milwaukee,The Iron Horse Hotel,2,325.6,0
Milwaukee,The Iron Horse Hotel,2,325.6,0
Milwaukee,The Plaza Hotel,3,170.6,0
Milwaukee,The Plaza Hotel,3,170.6,0
Milwaukee,The Plaza Hotel,2,140.6,0
Milwaukee,The Plaza Hotel,3,170.6,0
Milwaukee,The Plaza Hotel,3,170.6,0
Milwaukee,The Plaza Hotel,3,170.6,0
Milwaukee,The Plaza Hotel,2,140.6,0
Milwaukee,The Plaza Hotel,2,140.6,0
Milwaukee,The Plaza Hotel,3,170.6,0
Milwaukee,The Plaza Hotel,2,140.6,0
Milwaukee,Clarion Hotel,2,141.5,0
Milwaukee,Clarion Hotel,3,171.5,0
Milwaukee,Clarion Hotel,3,171.5,0
Milwaukee,Clarion Hotel,3,171.5,0
Milwaukee,Clarion Hotel,3,171.5,0
Milwaukee,Clarion Hotel,3,171.5,0
Milwaukee,Clarion Hotel,3,171.5,0
Milwaukee,Clarion Hotel,3,171.5,0
Milwaukee,Clarion Hotel,3,171.5,0
Milwaukee,Clarion Hotel,3,171.5,0
Atlanta,Thompson Buckhead,2,525.2,0
Atlanta,Thompson Buckhead,2,525.2,0
Atlanta,Thompson Buckhead,3,555.2,0
Atlanta,Thompson Buckhead,2,525.2,0
Atlanta,Thompson Buckhead,2,525.2,0
Atlanta,Thompson Buckhead,3,555.2,0
Atlanta,Thompson Buckhead,2,525.2,0
Atlanta,Thompson Buckhead,2,525.2,0
Atlanta,Thompson Buckhead,4,585.2,0
Atlanta,Thompson Buckhead,2,525.2,0
Atlanta,The St. Regis Atlanta,2,551.4,0
Atlanta,The St. Regis Atlanta,2,551.4,0
Atlanta,The St. Regis Atlanta,4,611.4,0
Atlanta,The St. Regis Atlanta,3,581.4,0
Atlanta,The St. Regis Atlanta,2,551.4,0
Atlanta,The St. Regis Atlanta,2,551.4,0
Atlanta,The St. Regis Atlanta,3,581.4,0
Atlanta,The St. Regis Atlanta,3,581.4,0
Atlanta,The St. Regis Atlanta,2,551.4,0
Atlanta,The St. Regis Atlanta,3,581.4,0
Atlanta,JW Marriott Atlanta Buckhead,2,526.2,0
Atlanta,JW Marriott Atlanta Buckhead,2,526.2,0
Atlanta,JW Marriott Atlanta Buckhead,2,526.2,0
Atlanta,JW Marriott Atlanta Buckhead,3,556.2,0
Atlanta,JW Marriott Atlanta Buckhead,2,526.2,0
Atlanta,JW Marriott Atlanta Buckhead,2,526.2,0
Atlanta,JW Marriott Atlanta Buckhead,2,526.2,0
Atlanta,JW Marriott Atlanta Buckhead,3,556.2,0
Atlanta,JW Marriott Atlanta Buckhead,3,556.2,0
Atlanta,JW Marriott Atlanta Buckhead,2,526.2,0
Atlanta,Reverb by Hard Rock Atlanta Downtown,3,368.1,0
Atlanta,Reverb by Hard Rock Atlanta Downtown,3,368.1,0
Atlanta,Reverb by Hard Rock Atlanta Downtown,3,368.1,0
Atlanta,Reverb by Hard Rock Atlanta Downtown,3,368.1,0
Atlanta,Reverb by Hard Rock Atlanta Downtown,3,368.1,0
Atlanta,Reverb by Hard Rock Atlanta Downtown,3,368.1,0
Atlanta,Reverb by Hard Rock Atlanta Downtown,2,338.1,0
Atlanta,Reverb by Hard Rock Atlanta Downtown,3,368.1,0
Atlanta,Reverb by Hard Rock Atlanta Downtown,2,338.1,0
Atlanta,Reverb by Hard Rock Atlanta Downtown,3,368.1,0
Atlanta,Hyatt Regency Atlanta,3,340.1,0
Atlanta,Hyatt Regency Atlanta,2,310.1,0
Atlanta,Hyatt Regency Atlanta,2,310.1,0
Atlanta,Hyatt Regency Atlanta,2,310.1,0
Atlanta,Hyatt Regency Atlanta,2,310.1,0
Atlanta,Hyatt Regency Atlanta,3,340.1,0
Atlanta,Hyatt Regency Atlanta,3,340.1,0
Atlanta,Hyatt Regency Atlanta,2,310.1,0
Atlanta,Hyatt Regency Atlanta,3,340.1,0
Atlanta,Hyatt Regency Atlanta,2,310.1,0
Atlanta,Hampton Inn Atlanta-Buckhead,3,161.5,0
Atlanta,Hampton Inn Atlanta-Buckhead,3,161.5,0
Atlanta,Hampton Inn Atlanta-Buckhead,3,161.5,0
Atlanta,Hampton Inn Atlanta-Buckhead,2,131.5,0
Atlanta,Hampton Inn Atlanta-Buckhead,3,161.5,0
Atlanta,Hampton Inn Atlanta-Buckhead,3,161.5,0
Atlanta,Hampton Inn Atlanta-Buckhead,2,131.5,0
Atlanta,Hampton Inn Atlanta-Buckhead,3,161.5,0
Atlanta,Hampton Inn Atlanta-Buckhead,3,161.5,0
Atlanta,Hampton Inn Atlanta-Buckhead,2,131.5,0
Charlotte,The Ivey's Hotel,2,529.5,0
Charlotte,The Ivey's Hotel,3,559.5,0
Charlotte,The Ivey's Hotel,4,589.5,0
Charlotte,The Ivey's Hotel,3,559.5,0
Charlotte,The Ivey's Hotel,2,529.5,0
Charlotte,The Ivey's Hotel,3,559.5,0
Charlotte,The Ivey's Hotel,2,529.5,0
Charlotte,The Ivey's Hotel,2,529.5,0
Charlotte,The Ivey's Hotel,3,559.5,0
Charlotte,The Ivey's Hotel,2,529.5,0
Charlotte,JW Marriott Charlotte,2,538.7,0
Charlotte,JW Marriott Charlotte,3,568.7,0
Charlotte,JW Marriott Charlotte,1,508.7,0
Charlotte,JW Marriott Charlotte,2,538.7,0
Charlotte,JW Marriott Charlotte,2,538.7,0
Charlotte,JW Marriott Charlotte,1,508.7,0
Charlotte,JW Marriott Charlotte,3,568.7,0
Charlotte,JW Marriott Charlotte,4,598.7,0
Charlotte,JW Marriott Charlotte,3,568.7,0
Charlotte,JW Marriott Charlotte,3,568.7,0
Charlotte,Four Points by Sheraton Charlotte,2,332.5,0
Charlotte,Four Points by Sheraton Charlotte,2,332.5,0
Charlotte,Four Points by Sheraton Charlotte,3,362.5,0
Charlotte,Four Points by Sheraton Charlotte,3,362.5,0
Charlotte,Four Points by Sheraton Charlotte,2,332.5,0
Charlotte,Four Points by Sheraton Charlotte,2,332.5,0
Charlotte,Four Points by Sheraton Charlotte,2,332.5,0
Charlotte,Four Points by Sheraton Charlotte,3,362.5,0
Charlotte,Four Points by Sheraton Charlotte,3,362.5,0
Charlotte,Four Points by Sheraton Charlotte,2,332.5,0
Charlotte,Kimpton Tryon Park Hotel,3,368.3,0
Charlotte,Kimpton Tryon Park Hotel,2,338.3,0
Charlotte,Kimpton Tryon Park Hotel,2,338.3,0
Charlotte,Kimpton Tryon Park Hotel,3,368.3,0
Charlotte,Kimpton Tryon Park Hotel,2,338.3,0
Charlotte,Kimpton Tryon Park Hotel,2,338.3,0
Charlotte,Kimpton Tryon Park Hotel,3,368.3,0
Charlotte,Kimpton Tryon Park Hotel,3,368.3,0
Charlotte,Kimpton Tryon Park Hotel,2,338.3,0
Charlotte,Kimpton Tryon Park Hotel,3,368.3,0
Charlotte,Hilton Charlotte Uptown,3,351.1,0
Charlotte,Hilton Charlotte Uptown,3,351.1,0
Charlotte,Hilton Charlotte Uptown,3,351.1,0
Charlotte,Hilton Charlotte Uptown,2,321.1,0
Charlotte,Hilton Charlotte Uptown,2,321.1,0
Charlotte,Hilton Charlotte Uptown,2,321.1,0
Charlotte,Hilton Charlotte Uptown,3,351.1,0
Charlotte,Hilton Charlotte Uptown,3,351.1,0
Charlotte,Hilton Charlotte Uptown,3,351.1,0
Charlotte,Hilton Charlotte Uptown,3,351.1,0
Charlotte,Radisson Hotel Charlotte Airport,3,146.2,0
Charlotte,Radisson Hotel Charlotte Airport,3,146.2,0
Charlotte,Radisson Hotel Charlotte Airport,2,116.2,0
Charlotte,Radisson Hotel Charlotte Airport,2,116.2,0
Charlotte,Radisson Hotel Charlotte Airport,2,116.2,0
Charlotte,Radisson Hotel Charlotte Airport,3,146.2,0
Charlotte,Radisson Hotel Charlotte Airport,2,116.2,0
Charlotte,Radisson Hotel Charlotte Airport,3,146.2,0
Charlotte,Radisson Hotel Charlotte Airport,2,116.2,0
Charlotte,Radisson Hotel Charlotte Airport,3,146.2,0
